model_id,scenario,game,n_messages,rank,word,count,freq
Qwen2.5-7B-Instruct,baseline_cheap_talk,pd,320,1,rewards,210,0.65625
Qwen2.5-7B-Instruct,baseline_cheap_talk,pd,320,2,keep,172,0.5375
Qwen2.5-7B-Instruct,baseline_cheap_talk,pd,320,3,cooperating,162,0.50625
Qwen2.5-7B-Instruct,baseline_cheap_talk,pd,320,4,cooperate,155,0.484375
Qwen2.5-7B-Instruct,baseline_cheap_talk,pd,320,5,maximum,107,0.334375
Qwen2.5-7B-Instruct,baseline_cheap_talk,pd,320,6,long,103,0.321875
Qwen2.5-7B-Instruct,baseline_cheap_talk,pd,320,7,together,101,0.315625
Qwen2.5-7B-Instruct,baseline_cheap_talk,pd,320,8,term,101,0.315625
Qwen2.5-7B-Instruct,baseline_cheap_talk,pd,320,9,highest,84,0.2625
Qwen2.5-7B-Instruct,baseline_cheap_talk,pd,320,10,high,67,0.209375
Qwen2.5-7B-Instruct,baseline_cheap_talk,sh,320,1,rewards,266,0.83125
Qwen2.5-7B-Instruct,baseline_cheap_talk,sh,320,2,stag,174,0.54375
Qwen2.5-7B-Instruct,baseline_cheap_talk,sh,320,3,together,174,0.54375
Qwen2.5-7B-Instruct,baseline_cheap_talk,sh,320,4,keep,146,0.45625
Qwen2.5-7B-Instruct,baseline_cheap_talk,sh,320,5,highest,134,0.41875
Qwen2.5-7B-Instruct,baseline_cheap_talk,sh,320,6,maximum,97,0.303125
Qwen2.5-7B-Instruct,baseline_cheap_talk,sh,320,7,continue,86,0.26875
Qwen2.5-7B-Instruct,baseline_cheap_talk,sh,320,8,cooperating,86,0.26875
Qwen2.5-7B-Instruct,baseline_cheap_talk,sh,320,9,choosing,72,0.225
Qwen2.5-7B-Instruct,baseline_cheap_talk,sh,320,10,hunt,47,0.146875
Qwen2.5-7B-Instruct,counterfactual,pd,320,1,cooperate,262,0.81875
Qwen2.5-7B-Instruct,counterfactual,pd,320,2,again,206,0.64375
Qwen2.5-7B-Instruct,counterfactual,pd,320,3,earn,149,0.465625
Qwen2.5-7B-Instruct,counterfactual,pd,320,4,streak,89,0.278125
Qwen2.5-7B-Instruct,counterfactual,pd,320,5,score,82,0.25625
Qwen2.5-7B-Instruct,counterfactual,pd,320,6,defect,73,0.228125
Qwen2.5-7B-Instruct,counterfactual,pd,320,7,points,69,0.215625
Qwen2.5-7B-Instruct,counterfactual,pd,320,8,gain,51,0.159375
Qwen2.5-7B-Instruct,counterfactual,pd,320,9,get,50,0.15625
Qwen2.5-7B-Instruct,counterfactual,pd,320,10,scores,50,0.15625
Qwen2.5-7B-Instruct,counterfactual,sh,320,1,stag,282,0.88125
Qwen2.5-7B-Instruct,counterfactual,sh,320,2,earn,222,0.69375
Qwen2.5-7B-Instruct,counterfactual,sh,320,3,again,219,0.684375
Qwen2.5-7B-Instruct,counterfactual,sh,320,4,chose,178,0.55625
Qwen2.5-7B-Instruct,counterfactual,sh,320,5,points,163,0.509375
Qwen2.5-7B-Instruct,counterfactual,sh,320,6,choose,111,0.346875
Qwen2.5-7B-Instruct,counterfactual,sh,320,7,before,65,0.203125
Qwen2.5-7B-Instruct,counterfactual,sh,320,8,continue,59,0.184375
Qwen2.5-7B-Instruct,counterfactual,sh,320,9,like,58,0.18125
Qwen2.5-7B-Instruct,counterfactual,sh,320,10,hare,54,0.16875
Qwen2.5-7B-Instruct,no_sense,pd,320,1,birds,55,0.171875
Qwen2.5-7B-Instruct,no_sense,pd,320,2,fly,55,0.171875
Qwen2.5-7B-Instruct,no_sense,pd,320,3,earth,45,0.140625
Qwen2.5-7B-Instruct,no_sense,pd,320,4,time,40,0.125
Qwen2.5-7B-Instruct,no_sense,pd,320,5,flies,40,0.125
Qwen2.5-7B-Instruct,no_sense,pd,320,6,sunny,35,0.109375
Qwen2.5-7B-Instruct,no_sense,pd,320,7,day,35,0.109375
Qwen2.5-7B-Instruct,no_sense,pd,320,8,music,30,0.09375
Qwen2.5-7B-Instruct,no_sense,pd,320,9,enjoyable,30,0.09375
Qwen2.5-7B-Instruct,no_sense,pd,320,10,like,30,0.09375
Qwen2.5-7B-Instruct,no_sense,sh,320,1,birds,55,0.171875
Qwen2.5-7B-Instruct,no_sense,sh,320,2,fly,55,0.171875
Qwen2.5-7B-Instruct,no_sense,sh,320,3,earth,45,0.140625
Qwen2.5-7B-Instruct,no_sense,sh,320,4,time,40,0.125
Qwen2.5-7B-Instruct,no_sense,sh,320,5,flies,40,0.125
Qwen2.5-7B-Instruct,no_sense,sh,320,6,sunny,35,0.109375
Qwen2.5-7B-Instruct,no_sense,sh,320,7,day,35,0.109375
Qwen2.5-7B-Instruct,no_sense,sh,320,8,music,30,0.09375
Qwen2.5-7B-Instruct,no_sense,sh,320,9,enjoyable,30,0.09375
Qwen2.5-7B-Instruct,no_sense,sh,320,10,like,30,0.09375
Qwen2.5-7B-Instruct,framing_business,pd,320,1,returns,295,0.921875
Qwen2.5-7B-Instruct,framing_business,pd,320,2,investment,244,0.7625
Qwen2.5-7B-Instruct,framing_business,pd,320,3,contract,232,0.725
Qwen2.5-7B-Instruct,framing_business,pd,320,4,partnership,215,0.671875
Qwen2.5-7B-Instruct,framing_business,pd,320,5,ensures,166,0.51875
Qwen2.5-7B-Instruct,framing_business,pd,320,6,risk,165,0.515625
Qwen2.5-7B-Instruct,framing_business,pd,320,7,risks,107,0.334375
Qwen2.5-7B-Instruct,framing_business,pd,320,8,minimized,95,0.296875
Qwen2.5-7B-Instruct,framing_business,pd,320,9,maximum,90,0.28125
Qwen2.5-7B-Instruct,framing_business,pd,320,10,cooperative,89,0.278125
Qwen2.5-7B-Instruct,framing_business,sh,320,1,returns,310,0.96875
Qwen2.5-7B-Instruct,framing_business,sh,320,2,partnership,250,0.78125
Qwen2.5-7B-Instruct,framing_business,sh,320,3,stag,203,0.634375
Qwen2.5-7B-Instruct,framing_business,sh,320,4,contract,186,0.58125
Qwen2.5-7B-Instruct,framing_business,sh,320,5,risk,179,0.559375
Qwen2.5-7B-Instruct,framing_business,sh,320,6,investment,161,0.503125
Qwen2.5-7B-Instruct,framing_business,sh,320,7,high,103,0.321875
Qwen2.5-7B-Instruct,framing_business,sh,320,8,hunts,85,0.265625
Qwen2.5-7B-Instruct,framing_business,sh,320,9,invest,75,0.234375
Qwen2.5-7B-Instruct,framing_business,sh,320,10,management,66,0.20625
Qwen2.5-7B-Instruct,framing_competitive,pd,320,1,win,269,0.840625
Qwen2.5-7B-Instruct,framing_competitive,pd,320,2,big,222,0.69375
Qwen2.5-7B-Instruct,framing_competitive,pd,320,3,rivals,196,0.6125
Qwen2.5-7B-Instruct,framing_competitive,pd,320,4,edge,137,0.428125
Qwen2.5-7B-Instruct,framing_competitive,pd,320,5,defect,112,0.35
Qwen2.5-7B-Instruct,framing_competitive,pd,320,6,compete,101,0.315625
Qwen2.5-7B-Instruct,framing_competitive,pd,320,7,stay,85,0.265625
Qwen2.5-7B-Instruct,framing_competitive,pd,320,8,fiercely,84,0.2625
Qwen2.5-7B-Instruct,framing_competitive,pd,320,9,ahead,67,0.209375
Qwen2.5-7B-Instruct,framing_competitive,pd,320,10,seize,62,0.19375
Qwen2.5-7B-Instruct,framing_competitive,sh,320,1,win,266,0.83125
Qwen2.5-7B-Instruct,framing_competitive,sh,320,2,big,231,0.721875
Qwen2.5-7B-Instruct,framing_competitive,sh,320,3,stay,206,0.64375
Qwen2.5-7B-Instruct,framing_competitive,sh,320,4,stag,201,0.628125
Qwen2.5-7B-Instruct,framing_competitive,sh,320,5,ahead,175,0.546875
Qwen2.5-7B-Instruct,framing_competitive,sh,320,6,edge,173,0.540625
Qwen2.5-7B-Instruct,framing_competitive,sh,320,7,rivals,150,0.46875
Qwen2.5-7B-Instruct,framing_competitive,sh,320,8,compete,126,0.39375
Qwen2.5-7B-Instruct,framing_competitive,sh,320,9,choose,101,0.315625
Qwen2.5-7B-Instruct,framing_competitive,sh,320,10,fiercely,94,0.29375
Qwen2.5-7B-Instruct,framing_team,pd,320,1,team,296,0.925
Qwen2.5-7B-Instruct,framing_team,pd,320,2,together,279,0.871875
Qwen2.5-7B-Instruct,framing_team,pd,320,3,shared,272,0.85
Qwen2.5-7B-Instruct,framing_team,pd,320,4,goal,268,0.8375
Qwen2.5-7B-Instruct,framing_team,pd,320,5,other,210,0.65625
Qwen2.5-7B-Instruct,framing_team,pd,320,6,achieve,124,0.3875
Qwen2.5-7B-Instruct,framing_team,pd,320,7,support,113,0.353125
Qwen2.5-7B-Instruct,framing_team,pd,320,8,reach,104,0.325
Qwen2.5-7B-Instruct,framing_team,pd,320,9,supporting,99,0.309375
Qwen2.5-7B-Instruct,framing_team,pd,320,10,work,72,0.225
Qwen2.5-7B-Instruct,framing_team,sh,320,1,together,300,0.9375
Qwen2.5-7B-Instruct,framing_team,sh,320,2,shared,253,0.790625
Qwen2.5-7B-Instruct,framing_team,sh,320,3,goal,250,0.78125
Qwen2.5-7B-Instruct,framing_team,sh,320,4,team,218,0.68125
Qwen2.5-7B-Instruct,framing_team,sh,320,5,other,186,0.58125
Qwen2.5-7B-Instruct,framing_team,sh,320,6,achieve,146,0.45625
Qwen2.5-7B-Instruct,framing_team,sh,320,7,support,136,0.425
Qwen2.5-7B-Instruct,framing_team,sh,320,8,work,125,0.390625
Qwen2.5-7B-Instruct,framing_team,sh,320,9,reach,95,0.296875
Qwen2.5-7B-Instruct,framing_team,sh,320,10,succeed,76,0.2375
Qwen3-4B,baseline_cheap_talk,pd,192,1,mutual,162,0.84375
Qwen3-4B,baseline_cheap_talk,pd,192,2,continue,139,0.7239583333333334
Qwen3-4B,baseline_cheap_talk,pd,192,3,benefit,115,0.5989583333333334
Qwen3-4B,baseline_cheap_talk,pd,192,4,cooperating,107,0.5572916666666666
Qwen3-4B,baseline_cheap_talk,pd,192,5,long,78,0.40625
Qwen3-4B,baseline_cheap_talk,pd,192,6,term,77,0.4010416666666667
Qwen3-4B,baseline_cheap_talk,pd,192,7,cooperation,74,0.3854166666666667
Qwen3-4B,baseline_cheap_talk,pd,192,8,maximize,63,0.328125
Qwen3-4B,baseline_cheap_talk,pd,192,9,trust,63,0.328125
Qwen3-4B,baseline_cheap_talk,pd,192,10,scores,59,0.3072916666666667
Qwen3-4B,baseline_cheap_talk,sh,192,1,mutual,192,1.0
Qwen3-4B,baseline_cheap_talk,sh,192,2,stag,191,0.9947916666666666
Qwen3-4B,baseline_cheap_talk,sh,192,3,choosing,189,0.984375
Qwen3-4B,baseline_cheap_talk,sh,192,4,benefit,188,0.9791666666666666
Qwen3-4B,baseline_cheap_talk,sh,192,5,cooperation,166,0.8645833333333334
Qwen3-4B,baseline_cheap_talk,sh,192,6,continue,163,0.8489583333333334
Qwen3-4B,baseline_cheap_talk,sh,192,7,payoff,63,0.328125
Qwen3-4B,baseline_cheap_talk,sh,192,8,higher,59,0.3072916666666667
Qwen3-4B,baseline_cheap_talk,sh,192,9,maximum,58,0.3020833333333333
Qwen3-4B,baseline_cheap_talk,sh,192,10,cooperate,15,0.078125
Qwen3-4B,counterfactual,pd,192,1,defect,176,0.9166666666666666
Qwen3-4B,counterfactual,pd,192,2,trust,158,0.8229166666666666
Qwen3-4B,counterfactual,pd,192,3,points,146,0.7604166666666666
Qwen3-4B,counterfactual,pd,192,4,gain,110,0.5729166666666666
Qwen3-4B,counterfactual,pd,192,5,cooperate,75,0.390625
Qwen3-4B,counterfactual,pd,192,6,breaking,75,0.390625
Qwen3-4B,counterfactual,pd,192,7,sustained,72,0.375
Qwen3-4B,counterfactual,pd,192,8,lose,66,0.34375
Qwen3-4B,counterfactual,pd,192,9,break,54,0.28125
Qwen3-4B,counterfactual,pd,192,10,risk,53,0.2760416666666667
Qwen3-4B,counterfactual,sh,192,1,hare,183,0.953125
Qwen3-4B,counterfactual,sh,192,2,chooses,170,0.8854166666666666
Qwen3-4B,counterfactual,sh,192,3,choose,164,0.8541666666666666
Qwen3-4B,counterfactual,sh,192,4,stag,161,0.8385416666666666
Qwen3-4B,counterfactual,sh,192,5,lose,161,0.8385416666666666
Qwen3-4B,counterfactual,sh,192,6,gain,138,0.71875
Qwen3-4B,counterfactual,sh,192,7,one,131,0.6822916666666666
Qwen3-4B,counterfactual,sh,192,8,keep,130,0.6770833333333334
Qwen3-4B,counterfactual,sh,192,9,points,109,0.5677083333333334
Qwen3-4B,counterfactual,sh,192,10,streak,38,0.19791666666666666
Qwen3-4B,no_sense,pd,192,1,birds,33,0.171875
Qwen3-4B,no_sense,pd,192,2,fly,33,0.171875
Qwen3-4B,no_sense,pd,192,3,earth,27,0.140625
Qwen3-4B,no_sense,pd,192,4,time,24,0.125
Qwen3-4B,no_sense,pd,192,5,flies,24,0.125
Qwen3-4B,no_sense,pd,192,6,sunny,21,0.109375
Qwen3-4B,no_sense,pd,192,7,day,21,0.109375
Qwen3-4B,no_sense,pd,192,8,music,18,0.09375
Qwen3-4B,no_sense,pd,192,9,enjoyable,18,0.09375
Qwen3-4B,no_sense,pd,192,10,like,18,0.09375
Qwen3-4B,no_sense,sh,192,1,birds,33,0.171875
Qwen3-4B,no_sense,sh,192,2,fly,33,0.171875
Qwen3-4B,no_sense,sh,192,3,earth,27,0.140625
Qwen3-4B,no_sense,sh,192,4,time,24,0.125
Qwen3-4B,no_sense,sh,192,5,flies,24,0.125
Qwen3-4B,no_sense,sh,192,6,sunny,21,0.109375
Qwen3-4B,no_sense,sh,192,7,day,21,0.109375
Qwen3-4B,no_sense,sh,192,8,music,18,0.09375
Qwen3-4B,no_sense,sh,192,9,enjoyable,18,0.09375
Qwen3-4B,no_sense,sh,192,10,like,18,0.09375
Qwen3-4B,framing_business,pd,320,1,partnership,382,1.19375
Qwen3-4B,framing_business,pd,320,2,returns,368,1.15
Qwen3-4B,framing_business,pd,320,3,stable,294,0.91875
Qwen3-4B,framing_business,pd,320,4,cooperation,278,0.86875
Qwen3-4B,framing_business,pd,320,5,risk,242,0.75625
Qwen3-4B,framing_business,pd,320,6,investment,168,0.525
Qwen3-4B,framing_business,pd,320,7,mutual,167,0.521875
Qwen3-4B,framing_business,pd,320,8,ensure,166,0.51875
Qwen3-4B,framing_business,pd,320,9,through,166,0.51875
Qwen3-4B,framing_business,pd,320,10,contract,147,0.459375
Qwen3-4B,framing_business,sh,320,1,returns,334,1.04375
Qwen3-4B,framing_business,sh,320,2,stag,312,0.975
Qwen3-4B,framing_business,sh,320,3,risk,300,0.9375
Qwen3-4B,framing_business,sh,320,4,partnership,273,0.853125
Qwen3-4B,framing_business,sh,320,5,investment,233,0.728125
Qwen3-4B,framing_business,sh,320,6,through,162,0.50625
Qwen3-4B,framing_business,sh,320,7,ensure,149,0.465625
Qwen3-4B,framing_business,sh,320,8,minimize,144,0.45
Qwen3-4B,framing_business,sh,320,9,maximize,135,0.421875
Qwen3-4B,framing_business,sh,320,10,align,125,0.390625
Qwen3-4B,framing_competitive,pd,320,1,defect,310,0.96875
Qwen3-4B,framing_competitive,pd,320,2,edge,296,0.925
Qwen3-4B,framing_competitive,pd,320,3,advantage,278,0.86875
Qwen3-4B,framing_competitive,pd,320,4,win,268,0.8375
Qwen3-4B,framing_competitive,pd,320,5,secure,265,0.828125
Qwen3-4B,framing_competitive,pd,320,6,rivals,213,0.665625
Qwen3-4B,framing_competitive,pd,320,7,outcompete,167,0.521875
Qwen3-4B,framing_competitive,pd,320,8,maximum,145,0.453125
Qwen3-4B,framing_competitive,pd,320,9,now,142,0.44375
Qwen3-4B,framing_competitive,pd,320,10,gain,92,0.2875
Qwen3-4B,framing_competitive,sh,320,1,edge,300,0.9375
Qwen3-4B,framing_competitive,sh,320,2,win,297,0.928125
Qwen3-4B,framing_competitive,sh,320,3,stag,257,0.803125
Qwen3-4B,framing_competitive,sh,320,4,advantage,187,0.584375
Qwen3-4B,framing_competitive,sh,320,5,rivals,184,0.575
Qwen3-4B,framing_competitive,sh,320,6,choose,178,0.55625
Qwen3-4B,framing_competitive,sh,320,7,secure,173,0.540625
Qwen3-4B,framing_competitive,sh,320,8,fiercely,162,0.50625
Qwen3-4B,framing_competitive,sh,320,9,compete,160,0.5
Qwen3-4B,framing_competitive,sh,320,10,maximum,139,0.434375
Qwen3-4B,framing_team,pd,320,1,team,320,1.0
Qwen3-4B,framing_team,pd,320,2,shared,320,1.0
Qwen3-4B,framing_team,pd,320,3,other,302,0.94375
Qwen3-4B,framing_team,pd,320,4,support,271,0.846875
Qwen3-4B,framing_team,pd,320,5,goal,260,0.8125
Qwen3-4B,framing_team,pd,320,6,keep,254,0.79375
Qwen3-4B,framing_team,pd,320,7,cooperating,242,0.75625
Qwen3-4B,framing_team,pd,320,8,together,213,0.665625
Qwen3-4B,framing_team,pd,320,9,work,188,0.5875
Qwen3-4B,framing_team,pd,320,10,benefit,73,0.228125
Qwen3-4B,framing_team,sh,320,1,shared,325,1.015625
Qwen3-4B,framing_team,sh,320,2,team,321,1.003125
Qwen3-4B,framing_team,sh,320,3,stag,282,0.88125
Qwen3-4B,framing_team,sh,320,4,maximum,280,0.875
Qwen3-4B,framing_team,sh,320,5,together,254,0.79375
Qwen3-4B,framing_team,sh,320,6,choose,243,0.759375
Qwen3-4B,framing_team,sh,320,7,keep,233,0.728125
Qwen3-4B,framing_team,sh,320,8,support,228,0.7125
Qwen3-4B,framing_team,sh,320,9,mutual,161,0.503125
Qwen3-4B,framing_team,sh,320,10,payoff,150,0.46875
gemma-2-2b-it,baseline_cheap_talk,pd,304,1,beneficial,78,0.2565789473684211
gemma-2-2b-it,baseline_cheap_talk,pd,304,2,mutually,72,0.23684210526315788
gemma-2-2b-it,baseline_cheap_talk,pd,304,3,building,70,0.23026315789473684
gemma-2-2b-it,baseline_cheap_talk,pd,304,4,strong,64,0.21052631578947367
gemma-2-2b-it,baseline_cheap_talk,pd,304,5,positive,63,0.20723684210526316
gemma-2-2b-it,baseline_cheap_talk,pd,304,6,continue,59,0.19407894736842105
gemma-2-2b-it,baseline_cheap_talk,pd,304,7,outcome,58,0.19078947368421054
gemma-2-2b-it,baseline_cheap_talk,pd,304,8,long,57,0.1875
gemma-2-2b-it,baseline_cheap_talk,pd,304,9,mutual,57,0.1875
gemma-2-2b-it,baseline_cheap_talk,pd,304,10,cooperative,55,0.18092105263157895
gemma-2-2b-it,baseline_cheap_talk,sh,294,1,strategy,69,0.23469387755102042
gemma-2-2b-it,baseline_cheap_talk,sh,294,2,outcome,60,0.20408163265306123
gemma-2-2b-it,baseline_cheap_talk,sh,294,3,seeking,54,0.1836734693877551
gemma-2-2b-it,baseline_cheap_talk,sh,294,4,strategies,53,0.18027210884353742
gemma-2-2b-it,baseline_cheap_talk,sh,294,5,game,52,0.17687074829931973
gemma-2-2b-it,baseline_cheap_talk,sh,294,6,beneficial,49,0.16666666666666666
gemma-2-2b-it,baseline_cheap_talk,sh,294,7,long,48,0.16326530612244897
gemma-2-2b-it,baseline_cheap_talk,sh,294,8,mutually,46,0.1564625850340136
gemma-2-2b-it,baseline_cheap_talk,sh,294,9,term,44,0.14965986394557823
gemma-2-2b-it,baseline_cheap_talk,sh,294,10,win,44,0.14965986394557823
gemma-2-2b-it,counterfactual,pd,301,1,defect,283,0.9401993355481728
gemma-2-2b-it,counterfactual,pd,301,2,higher,168,0.5581395348837209
gemma-2-2b-it,counterfactual,pd,301,3,payoff,121,0.4019933554817276
gemma-2-2b-it,counterfactual,pd,301,4,likely,111,0.3687707641196013
gemma-2-2b-it,counterfactual,pd,301,5,cooperate,76,0.25249169435215946
gemma-2-2b-it,counterfactual,pd,301,6,score,70,0.23255813953488372
gemma-2-2b-it,counterfactual,pd,301,7,able,68,0.22591362126245848
gemma-2-2b-it,counterfactual,pd,301,8,cooperating,41,0.1362126245847176
gemma-2-2b-it,counterfactual,pd,301,9,achieve,39,0.12956810631229235
gemma-2-2b-it,counterfactual,pd,301,10,next,33,0.10963455149501661
gemma-2-2b-it,counterfactual,sh,302,1,hare,168,0.5562913907284768
gemma-2-2b-it,counterfactual,sh,302,2,higher,147,0.4867549668874172
gemma-2-2b-it,counterfactual,sh,302,3,likely,129,0.4271523178807947
gemma-2-2b-it,counterfactual,sh,302,4,payoff,102,0.33774834437086093
gemma-2-2b-it,counterfactual,sh,302,5,stag,85,0.2814569536423841
gemma-2-2b-it,counterfactual,sh,302,6,choose,73,0.24172185430463577
gemma-2-2b-it,counterfactual,sh,302,7,score,71,0.23509933774834438
gemma-2-2b-it,counterfactual,sh,302,8,defect,60,0.1986754966887417
gemma-2-2b-it,counterfactual,sh,302,9,see,56,0.18543046357615894
gemma-2-2b-it,counterfactual,sh,302,10,play,52,0.17218543046357615
gemma-2-2b-it,framing_business,pd,600,1,investment,518,0.8633333333333333
gemma-2-2b-it,framing_business,pd,600,2,risk,450,0.75
gemma-2-2b-it,framing_business,pd,600,3,partnership,340,0.5666666666666667
gemma-2-2b-it,framing_business,pd,600,4,clear,262,0.43666666666666665
gemma-2-2b-it,framing_business,pd,600,5,returns,230,0.38333333333333336
gemma-2-2b-it,framing_business,pd,600,6,believe,168,0.28
gemma-2-2b-it,framing_business,pd,600,7,mutually,166,0.27666666666666667
gemma-2-2b-it,framing_business,pd,600,8,beneficial,164,0.2733333333333333
gemma-2-2b-it,framing_business,pd,600,9,objectives,160,0.26666666666666666
gemma-2-2b-it,framing_business,pd,600,10,mitigation,156,0.26
gemma-2-2b-it,framing_business,sh,592,1,investment,546,0.9222972972972973
gemma-2-2b-it,framing_business,sh,592,2,risk,460,0.777027027027027
gemma-2-2b-it,framing_business,sh,592,3,partnership,388,0.6554054054054054
gemma-2-2b-it,framing_business,sh,592,4,clear,284,0.4797297297297297
gemma-2-2b-it,framing_business,sh,592,5,returns,246,0.4155405405405405
gemma-2-2b-it,framing_business,sh,592,6,mutually,210,0.3547297297297297
gemma-2-2b-it,framing_business,sh,592,7,beneficial,192,0.32432432432432434
gemma-2-2b-it,framing_business,sh,592,8,long,156,0.2635135135135135
gemma-2-2b-it,framing_business,sh,592,9,term,156,0.2635135135135135
gemma-2-2b-it,framing_business,sh,592,10,venture,144,0.24324324324324326
gemma-2-2b-it,framing_competitive,pd,588,1,who,254,0.43197278911564624
gemma-2-2b-it,framing_competitive,pd,588,2,see,226,0.3843537414965986
gemma-2-2b-it,framing_competitive,pd,588,3,win,188,0.3197278911564626
gemma-2-2b-it,framing_competitive,pd,588,4,ready,182,0.30952380952380953
gemma-2-2b-it,framing_competitive,pd,588,5,truly,116,0.19727891156462585
gemma-2-2b-it,framing_competitive,pd,588,6,edge,106,0.18027210884353742
gemma-2-2b-it,framing_competitive,pd,588,7,prove,98,0.16666666666666666
gemma-2-2b-it,framing_competitive,pd,588,8,dominate,96,0.16326530612244897
gemma-2-2b-it,framing_competitive,pd,588,9,time,76,0.1292517006802721
gemma-2-2b-it,framing_competitive,pd,588,10,make,72,0.12244897959183673
gemma-2-2b-it,framing_competitive,sh,592,1,who,242,0.40878378378378377
gemma-2-2b-it,framing_competitive,sh,592,2,see,234,0.3952702702702703
gemma-2-2b-it,framing_competitive,sh,592,3,ready,204,0.34459459459459457
gemma-2-2b-it,framing_competitive,sh,592,4,win,176,0.2972972972972973
gemma-2-2b-it,framing_competitive,sh,592,5,edge,126,0.21283783783783783
gemma-2-2b-it,framing_competitive,sh,592,6,claim,116,0.19594594594594594
gemma-2-2b-it,framing_competitive,sh,592,7,dominate,110,0.1858108108108108
gemma-2-2b-it,framing_competitive,sh,592,8,victory,76,0.12837837837837837
gemma-2-2b-it,framing_competitive,sh,592,9,truly,74,0.125
gemma-2-2b-it,framing_competitive,sh,592,10,prove,74,0.125
gemma-2-2b-it,framing_team,pd,582,1,together,508,0.872852233676976
gemma-2-2b-it,framing_team,pd,582,2,team,486,0.8350515463917526
gemma-2-2b-it,framing_team,pd,582,3,shared,452,0.7766323024054983
gemma-2-2b-it,framing_team,pd,582,4,achieve,412,0.7079037800687286
gemma-2-2b-it,framing_team,pd,582,5,goal,404,0.6941580756013745
gemma-2-2b-it,framing_team,pd,582,6,work,292,0.5017182130584192
gemma-2-2b-it,framing_team,pd,582,7,other,202,0.3470790378006873
gemma-2-2b-it,framing_team,pd,582,8,support,200,0.3436426116838488
gemma-2-2b-it,framing_team,pd,582,9,strong,126,0.21649484536082475
gemma-2-2b-it,framing_team,pd,582,10,success,98,0.16838487972508592
gemma-2-2b-it,framing_team,sh,576,1,together,510,0.8854166666666666
gemma-2-2b-it,framing_team,sh,576,2,team,480,0.8333333333333334
gemma-2-2b-it,framing_team,sh,576,3,shared,480,0.8333333333333334
gemma-2-2b-it,framing_team,sh,576,4,achieve,428,0.7430555555555556
gemma-2-2b-it,framing_team,sh,576,5,goal,404,0.7013888888888888
gemma-2-2b-it,framing_team,sh,576,6,work,358,0.6215277777777778
gemma-2-2b-it,framing_team,sh,576,7,other,216,0.375
gemma-2-2b-it,framing_team,sh,576,8,success,124,0.2152777777777778
gemma-2-2b-it,framing_team,sh,576,9,support,120,0.20833333333333334
gemma-2-2b-it,framing_team,sh,576,10,strong,118,0.2048611111111111
gemma-2-2b-it,no_sense,pd,241,1,birds,42,0.17427385892116182
gemma-2-2b-it,no_sense,pd,241,2,fly,42,0.17427385892116182
gemma-2-2b-it,no_sense,pd,241,3,earth,30,0.12448132780082988
gemma-2-2b-it,no_sense,pd,241,4,time,30,0.12448132780082988
gemma-2-2b-it,no_sense,pd,241,5,flies,30,0.12448132780082988
gemma-2-2b-it,no_sense,pd,241,6,like,29,0.12033195020746888
gemma-2-2b-it,no_sense,pd,241,7,pizza,29,0.12033195020746888
gemma-2-2b-it,no_sense,pd,241,8,sunny,25,0.1037344398340249
gemma-2-2b-it,no_sense,pd,241,9,day,25,0.1037344398340249
gemma-2-2b-it,no_sense,pd,241,10,music,23,0.0954356846473029
gemma-2-2b-it,no_sense,sh,250,1,birds,43,0.172
gemma-2-2b-it,no_sense,sh,250,2,fly,43,0.172
gemma-2-2b-it,no_sense,sh,250,3,earth,36,0.144
gemma-2-2b-it,no_sense,sh,250,4,like,30,0.12
gemma-2-2b-it,no_sense,sh,250,5,pizza,30,0.12
gemma-2-2b-it,no_sense,sh,250,6,coffee,28,0.112
gemma-2-2b-it,no_sense,sh,250,7,morning,28,0.112
gemma-2-2b-it,no_sense,sh,250,8,time,26,0.104
gemma-2-2b-it,no_sense,sh,250,9,flies,26,0.104
gemma-2-2b-it,no_sense,sh,250,10,sunny,22,0.088
gemma-2-9b-it,baseline_cheap_talk,pd,320,1,continuing,158,0.49375
gemma-2-9b-it,baseline_cheap_talk,pd,320,2,cooperate,149,0.465625
gemma-2-9b-it,baseline_cheap_talk,pd,320,3,strategy,143,0.446875
gemma-2-9b-it,baseline_cheap_talk,pd,320,4,seems,122,0.38125
gemma-2-9b-it,baseline_cheap_talk,pd,320,5,cooperating,119,0.371875
gemma-2-9b-it,baseline_cheap_talk,pd,320,6,continue,83,0.259375
gemma-2-9b-it,baseline_cheap_talk,pd,320,7,beneficial,76,0.2375
gemma-2-9b-it,baseline_cheap_talk,pd,320,8,keep,74,0.23125
gemma-2-9b-it,baseline_cheap_talk,pd,320,9,best,69,0.215625
gemma-2-9b-it,baseline_cheap_talk,pd,320,10,successful,65,0.203125
gemma-2-9b-it,baseline_cheap_talk,sh,320,1,stag,320,1.0
gemma-2-9b-it,baseline_cheap_talk,sh,320,2,playing,221,0.690625
gemma-2-9b-it,baseline_cheap_talk,sh,320,3,continue,195,0.609375
gemma-2-9b-it,baseline_cheap_talk,sh,320,4,stick,51,0.159375
gemma-2-9b-it,baseline_cheap_talk,sh,320,5,propose,49,0.153125
gemma-2-9b-it,baseline_cheap_talk,sh,320,6,continued,47,0.146875
gemma-2-9b-it,baseline_cheap_talk,sh,320,7,well,45,0.140625
gemma-2-9b-it,baseline_cheap_talk,sh,320,8,keep,42,0.13125
gemma-2-9b-it,baseline_cheap_talk,sh,320,9,mutual,42,0.13125
gemma-2-9b-it,baseline_cheap_talk,sh,320,10,benefit,36,0.1125
gemma-2-9b-it,counterfactual,pd,320,1,cooperate,177,0.553125
gemma-2-9b-it,counterfactual,pd,320,2,streak,164,0.5125
gemma-2-9b-it,counterfactual,pd,320,3,mutual,129,0.403125
gemma-2-9b-it,counterfactual,pd,320,4,defect,120,0.375
gemma-2-9b-it,counterfactual,pd,320,5,benefit,106,0.33125
gemma-2-9b-it,counterfactual,pd,320,6,continue,91,0.284375
gemma-2-9b-it,counterfactual,pd,320,7,positive,59,0.184375
gemma-2-9b-it,counterfactual,pd,320,8,pattern,38,0.11875
gemma-2-9b-it,counterfactual,pd,320,9,payoff,37,0.115625
gemma-2-9b-it,counterfactual,pd,320,10,break,36,0.1125
gemma-2-9b-it,counterfactual,sh,319,1,hare,199,0.6238244514106583
gemma-2-9b-it,counterfactual,sh,319,2,stag,167,0.5235109717868338
gemma-2-9b-it,counterfactual,sh,319,3,choose,132,0.41379310344827586
gemma-2-9b-it,counterfactual,sh,319,4,streak,116,0.36363636363636365
gemma-2-9b-it,counterfactual,sh,319,5,continue,85,0.2664576802507837
gemma-2-9b-it,counterfactual,sh,319,6,chose,81,0.25391849529780564
gemma-2-9b-it,counterfactual,sh,319,7,payoff,74,0.23197492163009403
gemma-2-9b-it,counterfactual,sh,319,8,played,74,0.23197492163009403
gemma-2-9b-it,counterfactual,sh,319,9,successful,61,0.19122257053291536
gemma-2-9b-it,counterfactual,sh,319,10,lower,57,0.1786833855799373
gemma-2-9b-it,framing_business,pd,320,1,investment,292,0.9125
gemma-2-9b-it,framing_business,pd,320,2,returns,274,0.85625
gemma-2-9b-it,framing_business,pd,320,3,continue,164,0.5125
gemma-2-9b-it,framing_business,pd,320,4,contract,158,0.49375
gemma-2-9b-it,framing_business,pd,320,5,partnership,147,0.459375
gemma-2-9b-it,framing_business,pd,320,6,strategy,123,0.384375
gemma-2-9b-it,framing_business,pd,320,7,continued,111,0.346875
gemma-2-9b-it,framing_business,pd,320,8,cooperative,100,0.3125
gemma-2-9b-it,framing_business,pd,320,9,consistent,91,0.284375
gemma-2-9b-it,framing_business,pd,320,10,mutually,86,0.26875
gemma-2-9b-it,framing_business,sh,320,1,investment,287,0.896875
gemma-2-9b-it,framing_business,sh,320,2,stag,286,0.89375
gemma-2-9b-it,framing_business,sh,320,3,returns,252,0.7875
gemma-2-9b-it,framing_business,sh,320,4,strategy,232,0.725
gemma-2-9b-it,framing_business,sh,320,5,partnership,149,0.465625
gemma-2-9b-it,framing_business,sh,320,6,consistent,140,0.4375
gemma-2-9b-it,framing_business,sh,320,7,given,123,0.384375
gemma-2-9b-it,framing_business,sh,320,8,continued,104,0.325
gemma-2-9b-it,framing_business,sh,320,9,maintain,85,0.265625
gemma-2-9b-it,framing_business,sh,320,10,propose,75,0.234375
gemma-2-9b-it,framing_competitive,pd,320,1,win,176,0.55
gemma-2-9b-it,framing_competitive,pd,320,2,expect,105,0.328125
gemma-2-9b-it,framing_competitive,pd,320,3,competition,103,0.321875
gemma-2-9b-it,framing_competitive,pd,320,4,advantage,102,0.31875
gemma-2-9b-it,framing_competitive,pd,320,5,contest,95,0.296875
gemma-2-9b-it,framing_competitive,pd,320,6,don,81,0.253125
gemma-2-9b-it,framing_competitive,pd,320,7,compete,67,0.209375
gemma-2-9b-it,framing_competitive,pd,320,8,edge,63,0.196875
gemma-2-9b-it,framing_competitive,pd,320,9,defect,61,0.190625
gemma-2-9b-it,framing_competitive,pd,320,10,cooperate,54,0.16875
gemma-2-9b-it,framing_competitive,sh,319,1,win,143,0.4482758620689655
gemma-2-9b-it,framing_competitive,sh,319,2,rival,101,0.3166144200626959
gemma-2-9b-it,framing_competitive,sh,319,3,don,91,0.2852664576802508
gemma-2-9b-it,framing_competitive,sh,319,4,advantage,85,0.2664576802507837
gemma-2-9b-it,framing_competitive,sh,319,5,edge,71,0.2225705329153605
gemma-2-9b-it,framing_competitive,sh,319,6,won,70,0.219435736677116
gemma-2-9b-it,framing_competitive,sh,319,7,compete,62,0.19435736677115986
gemma-2-9b-it,framing_competitive,sh,319,8,competition,58,0.18181818181818182
gemma-2-9b-it,framing_competitive,sh,319,9,over,56,0.1755485893416928
gemma-2-9b-it,framing_competitive,sh,319,10,game,55,0.1724137931034483
gemma-2-9b-it,framing_team,pd,320,1,keep,300,0.9375
gemma-2-9b-it,framing_team,pd,320,2,together,284,0.8875
gemma-2-9b-it,framing_team,pd,320,3,team,282,0.88125
gemma-2-9b-it,framing_team,pd,320,4,shared,187,0.584375
gemma-2-9b-it,framing_team,pd,320,5,other,182,0.56875
gemma-2-9b-it,framing_team,pd,320,6,goal,155,0.484375
gemma-2-9b-it,framing_team,pd,320,7,supporting,141,0.440625
gemma-2-9b-it,framing_team,pd,320,8,crushing,109,0.340625
gemma-2-9b-it,framing_team,pd,320,9,achieve,100,0.3125
gemma-2-9b-it,framing_team,pd,320,10,challenge,87,0.271875
gemma-2-9b-it,framing_team,sh,320,1,keep,290,0.90625
gemma-2-9b-it,framing_team,sh,320,2,team,272,0.85
gemma-2-9b-it,framing_team,sh,320,3,stag,233,0.728125
gemma-2-9b-it,framing_team,sh,320,4,together,225,0.703125
gemma-2-9b-it,framing_team,sh,320,5,other,170,0.53125
gemma-2-9b-it,framing_team,sh,320,6,supporting,162,0.50625
gemma-2-9b-it,framing_team,sh,320,7,shared,141,0.440625
gemma-2-9b-it,framing_team,sh,320,8,goal,124,0.3875
gemma-2-9b-it,framing_team,sh,320,9,strong,87,0.271875
gemma-2-9b-it,framing_team,sh,320,10,hare,59,0.184375
gemma-2-9b-it,no_sense,pd,320,1,birds,55,0.171875
gemma-2-9b-it,no_sense,pd,320,2,fly,55,0.171875
gemma-2-9b-it,no_sense,pd,320,3,earth,45,0.140625
gemma-2-9b-it,no_sense,pd,320,4,time,40,0.125
gemma-2-9b-it,no_sense,pd,320,5,flies,40,0.125
gemma-2-9b-it,no_sense,pd,320,6,sunny,35,0.109375
gemma-2-9b-it,no_sense,pd,320,7,day,35,0.109375
gemma-2-9b-it,no_sense,pd,320,8,music,30,0.09375
gemma-2-9b-it,no_sense,pd,320,9,enjoyable,30,0.09375
gemma-2-9b-it,no_sense,pd,320,10,like,30,0.09375
gemma-2-9b-it,no_sense,sh,320,1,birds,55,0.171875
gemma-2-9b-it,no_sense,sh,320,2,fly,55,0.171875
gemma-2-9b-it,no_sense,sh,320,3,earth,45,0.140625
gemma-2-9b-it,no_sense,sh,320,4,time,40,0.125
gemma-2-9b-it,no_sense,sh,320,5,flies,40,0.125
gemma-2-9b-it,no_sense,sh,320,6,sunny,35,0.109375
gemma-2-9b-it,no_sense,sh,320,7,day,35,0.109375
gemma-2-9b-it,no_sense,sh,320,8,music,30,0.09375
gemma-2-9b-it,no_sense,sh,320,9,enjoyable,30,0.09375
gemma-2-9b-it,no_sense,sh,320,10,like,30,0.09375
Llama-3.1-8B-Instruct,baseline_cheap_talk,pd,320,1,cooperate,170,0.53125
Llama-3.1-8B-Instruct,baseline_cheap_talk,pd,320,2,maintain,142,0.44375
Llama-3.1-8B-Instruct,baseline_cheap_talk,pd,320,3,cooperating,115,0.359375
Llama-3.1-8B-Instruct,baseline_cheap_talk,pd,320,4,cooperation,98,0.30625
Llama-3.1-8B-Instruct,baseline_cheap_talk,pd,320,5,payoffs,95,0.296875
Llama-3.1-8B-Instruct,baseline_cheap_talk,pd,320,6,continue,93,0.290625
Llama-3.1-8B-Instruct,baseline_cheap_talk,pd,320,7,cooperative,68,0.2125
Llama-3.1-8B-Instruct,baseline_cheap_talk,pd,320,8,beneficial,55,0.171875
Llama-3.1-8B-Instruct,baseline_cheap_talk,pd,320,9,relationship,54,0.16875
Llama-3.1-8B-Instruct,baseline_cheap_talk,pd,320,10,future,53,0.165625
Llama-3.1-8B-Instruct,baseline_cheap_talk,sh,320,1,stag,255,0.796875
Llama-3.1-8B-Instruct,baseline_cheap_talk,sh,320,2,cooperate,148,0.4625
Llama-3.1-8B-Instruct,baseline_cheap_talk,sh,320,3,choose,134,0.41875
Llama-3.1-8B-Instruct,baseline_cheap_talk,sh,320,4,maintain,130,0.40625
Llama-3.1-8B-Instruct,baseline_cheap_talk,sh,320,5,cooperative,113,0.353125
Llama-3.1-8B-Instruct,baseline_cheap_talk,sh,320,6,choosing,94,0.29375
Llama-3.1-8B-Instruct,baseline_cheap_talk,sh,320,7,payoffs,91,0.284375
Llama-3.1-8B-Instruct,baseline_cheap_talk,sh,320,8,continue,85,0.265625
Llama-3.1-8B-Instruct,baseline_cheap_talk,sh,320,9,maximize,83,0.259375
Llama-3.1-8B-Instruct,baseline_cheap_talk,sh,320,10,cooperation,77,0.240625
Llama-3.1-8B-Instruct,counterfactual,pd,319,1,cooperate,299,0.9373040752351097
Llama-3.1-8B-Instruct,counterfactual,pd,319,2,payoff,254,0.7962382445141066
Llama-3.1-8B-Instruct,counterfactual,pd,319,3,cumulative,137,0.42946708463949845
Llama-3.1-8B-Instruct,counterfactual,pd,319,4,increase,123,0.38557993730407525
Llama-3.1-8B-Instruct,counterfactual,pd,319,5,reinforcing,96,0.30094043887147337
Llama-3.1-8B-Instruct,counterfactual,pd,319,6,setting,87,0.2727272727272727
Llama-3.1-8B-Instruct,counterfactual,pd,319,7,total,79,0.2476489028213166
Llama-3.1-8B-Instruct,counterfactual,pd,319,8,cooperative,63,0.1974921630094044
Llama-3.1-8B-Instruct,counterfactual,pd,319,9,streak,58,0.18181818181818182
Llama-3.1-8B-Instruct,counterfactual,pd,319,10,combined,55,0.1724137931034483
Llama-3.1-8B-Instruct,counterfactual,sh,319,1,choose,286,0.896551724137931
Llama-3.1-8B-Instruct,counterfactual,sh,319,2,stag,280,0.877742946708464
Llama-3.1-8B-Instruct,counterfactual,sh,319,3,increase,132,0.41379310344827586
Llama-3.1-8B-Instruct,counterfactual,sh,319,4,streak,129,0.4043887147335423
Llama-3.1-8B-Instruct,counterfactual,sh,319,5,payoffs,122,0.3824451410658307
Llama-3.1-8B-Instruct,counterfactual,sh,319,6,cooperative,108,0.3385579937304075
Llama-3.1-8B-Instruct,counterfactual,sh,319,7,payoff,102,0.31974921630094044
Llama-3.1-8B-Instruct,counterfactual,sh,319,8,cumulative,97,0.30407523510971785
Llama-3.1-8B-Instruct,counterfactual,sh,319,9,cooperation,73,0.22884012539184953
Llama-3.1-8B-Instruct,counterfactual,sh,319,10,reinforcing,70,0.219435736677116
Llama-3.1-8B-Instruct,framing_business,pd,320,1,contract,290,0.90625
Llama-3.1-8B-Instruct,framing_business,pd,320,2,returns,225,0.703125
Llama-3.1-8B-Instruct,framing_business,pd,320,3,investment,222,0.69375
Llama-3.1-8B-Instruct,framing_business,pd,320,4,risk,192,0.6
Llama-3.1-8B-Instruct,framing_business,pd,320,5,partnership,163,0.509375
Llama-3.1-8B-Instruct,framing_business,pd,320,6,mutual,125,0.390625
Llama-3.1-8B-Instruct,framing_business,pd,320,7,joint,121,0.378125
Llama-3.1-8B-Instruct,framing_business,pd,320,8,commitment,120,0.375
Llama-3.1-8B-Instruct,framing_business,pd,320,9,reaffirm,102,0.31875
Llama-3.1-8B-Instruct,framing_business,pd,320,10,prioritizes,98,0.30625
Llama-3.1-8B-Instruct,framing_business,sh,320,1,contract,270,0.84375
Llama-3.1-8B-Instruct,framing_business,sh,320,2,investment,227,0.709375
Llama-3.1-8B-Instruct,framing_business,sh,320,3,risk,210,0.65625
Llama-3.1-8B-Instruct,framing_business,sh,320,4,returns,183,0.571875
Llama-3.1-8B-Instruct,framing_business,sh,320,5,partnership,169,0.528125
Llama-3.1-8B-Instruct,framing_business,sh,320,6,strategy,102,0.31875
Llama-3.1-8B-Instruct,framing_business,sh,320,7,commitment,96,0.3
Llama-3.1-8B-Instruct,framing_business,sh,320,8,joint,94,0.29375
Llama-3.1-8B-Instruct,framing_business,sh,320,9,consistent,92,0.2875
Llama-3.1-8B-Instruct,framing_business,sh,320,10,reaffirm,89,0.278125
Llama-3.1-8B-Instruct,framing_competitive,pd,315,1,edge,211,0.6698412698412698
Llama-3.1-8B-Instruct,framing_competitive,pd,315,2,take,162,0.5142857142857142
Llama-3.1-8B-Instruct,framing_competitive,pd,315,3,compete,140,0.4444444444444444
Llama-3.1-8B-Instruct,framing_competitive,pd,315,4,win,119,0.37777777777777777
Llama-3.1-8B-Instruct,framing_competitive,pd,315,5,rival,109,0.346031746031746
Llama-3.1-8B-Instruct,framing_competitive,pd,315,6,fiercely,83,0.2634920634920635
Llama-3.1-8B-Instruct,framing_competitive,pd,315,7,cooperate,70,0.2222222222222222
Llama-3.1-8B-Instruct,framing_competitive,pd,315,8,don,64,0.20317460317460317
Llama-3.1-8B-Instruct,framing_competitive,pd,315,9,defect,59,0.1873015873015873
Llama-3.1-8B-Instruct,framing_competitive,pd,315,10,outcompete,54,0.17142857142857143
Llama-3.1-8B-Instruct,framing_competitive,sh,318,1,take,155,0.48742138364779874
Llama-3.1-8B-Instruct,framing_competitive,sh,318,2,edge,147,0.46226415094339623
Llama-3.1-8B-Instruct,framing_competitive,sh,318,3,win,139,0.4371069182389937
Llama-3.1-8B-Instruct,framing_competitive,sh,318,4,rival,112,0.3522012578616352
Llama-3.1-8B-Instruct,framing_competitive,sh,318,5,compete,97,0.3050314465408805
Llama-3.1-8B-Instruct,framing_competitive,sh,318,6,time,91,0.2861635220125786
Llama-3.1-8B-Instruct,framing_competitive,sh,318,7,outcompete,82,0.2578616352201258
Llama-3.1-8B-Instruct,framing_competitive,sh,318,8,who,65,0.20440251572327045
Llama-3.1-8B-Instruct,framing_competitive,sh,318,9,don,60,0.18867924528301888
Llama-3.1-8B-Instruct,framing_competitive,sh,318,10,stag,57,0.1792452830188679
Llama-3.1-8B-Instruct,framing_team,pd,320,1,together,317,0.990625
Llama-3.1-8B-Instruct,framing_team,pd,320,2,shared,314,0.98125
Llama-3.1-8B-Instruct,framing_team,pd,320,3,team,309,0.965625
Llama-3.1-8B-Instruct,framing_team,pd,320,4,goal,308,0.9625
Llama-3.1-8B-Instruct,framing_team,pd,320,5,achieve,303,0.946875
Llama-3.1-8B-Instruct,framing_team,pd,320,6,work,295,0.921875
Llama-3.1-8B-Instruct,framing_team,pd,320,7,maximizing,233,0.728125
Llama-3.1-8B-Instruct,framing_team,pd,320,8,score,168,0.525
Llama-3.1-8B-Instruct,framing_team,pd,320,9,collective,150,0.46875
Llama-3.1-8B-Instruct,framing_team,pd,320,10,cohesive,126,0.39375
Llama-3.1-8B-Instruct,framing_team,sh,320,1,together,310,0.96875
Llama-3.1-8B-Instruct,framing_team,sh,320,2,shared,297,0.928125
Llama-3.1-8B-Instruct,framing_team,sh,320,3,team,294,0.91875
Llama-3.1-8B-Instruct,framing_team,sh,320,4,work,292,0.9125
Llama-3.1-8B-Instruct,framing_team,sh,320,5,goal,282,0.88125
Llama-3.1-8B-Instruct,framing_team,sh,320,6,achieve,275,0.859375
Llama-3.1-8B-Instruct,framing_team,sh,320,7,maximizing,217,0.678125
Llama-3.1-8B-Instruct,framing_team,sh,320,8,score,213,0.665625
Llama-3.1-8B-Instruct,framing_team,sh,320,9,cohesive,155,0.484375
Llama-3.1-8B-Instruct,framing_team,sh,320,10,cumulative,118,0.36875
Llama-3.1-8B-Instruct,no_sense,pd,320,1,birds,55,0.171875
Llama-3.1-8B-Instruct,no_sense,pd,320,2,fly,55,0.171875
Llama-3.1-8B-Instruct,no_sense,pd,320,3,earth,45,0.140625
Llama-3.1-8B-Instruct,no_sense,pd,320,4,time,40,0.125
Llama-3.1-8B-Instruct,no_sense,pd,320,5,flies,40,0.125
Llama-3.1-8B-Instruct,no_sense,pd,320,6,sunny,35,0.109375
Llama-3.1-8B-Instruct,no_sense,pd,320,7,day,35,0.109375
Llama-3.1-8B-Instruct,no_sense,pd,320,8,music,30,0.09375
Llama-3.1-8B-Instruct,no_sense,pd,320,9,enjoyable,30,0.09375
Llama-3.1-8B-Instruct,no_sense,pd,320,10,like,30,0.09375
Llama-3.1-8B-Instruct,no_sense,sh,319,1,birds,54,0.16927899686520376
Llama-3.1-8B-Instruct,no_sense,sh,319,2,fly,54,0.16927899686520376
Llama-3.1-8B-Instruct,no_sense,sh,319,3,earth,45,0.14106583072100312
Llama-3.1-8B-Instruct,no_sense,sh,319,4,time,40,0.12539184952978055
Llama-3.1-8B-Instruct,no_sense,sh,319,5,flies,40,0.12539184952978055
Llama-3.1-8B-Instruct,no_sense,sh,319,6,sunny,35,0.109717868338558
Llama-3.1-8B-Instruct,no_sense,sh,319,7,day,35,0.109717868338558
Llama-3.1-8B-Instruct,no_sense,sh,319,8,music,30,0.09404388714733543
Llama-3.1-8B-Instruct,no_sense,sh,319,9,enjoyable,30,0.09404388714733543
Llama-3.1-8B-Instruct,no_sense,sh,319,10,like,30,0.09404388714733543
