model_id,topology,cell,scenario,condition,game,n_runs,coop_rate_overall_mean,coop_rate_overall_ci_lo,coop_rate_overall_ci_hi,coop_rate_hub_mean,coop_rate_hub_ci_lo,coop_rate_hub_ci_hi,coop_rate_leaf_mean,coop_rate_leaf_ci_lo,coop_rate_leaf_ci_hi,hub_minus_leaf_coop_mean,hub_minus_leaf_coop_ci_lo,hub_minus_leaf_coop_ci_hi,hub_total_payoff_mean,hub_total_payoff_ci_lo,hub_total_payoff_ci_hi,leaf_avg_payoff_mean,leaf_avg_payoff_ci_lo,leaf_avg_payoff_ci_hi,hub_leadership_rate_mean,hub_leadership_rate_ci_lo,hub_leadership_rate_ci_hi,hub_exploitation_rate_mean,hub_exploitation_rate_ci_lo,hub_exploitation_rate_ci_hi,invalid_rate_mean,invalid_rate_ci_lo,invalid_rate_ci_hi,full_coop_rate_mean,full_coop_rate_ci_lo,full_coop_rate_ci_hi
Llama-3.1-8B-Instruct,cycle,baseline_cheap_talk,baseline_cheap_talk,cheap_talk,pd,5,0.990625,0.978125,1.0,,,,,,,,,,,,,,,,,,,,,,0.0,0.0,0.0,0.9625,0.9125,1.0
Llama-3.1-8B-Instruct,cycle,baseline_cheap_talk,baseline_cheap_talk,cheap_talk,sh,5,0.915625,0.84375,0.965625,,,,,,,,,,,,,,,,,,,,,,0.0,0.0,0.0,0.75,0.6,0.8875
Llama-3.1-8B-Instruct,cycle,counterfactual,counterfactual,cheap_talk,pd,5,0.99375,0.9875,1.0,,,,,,,,,,,,,,,,,,,,,,0.003125,0.0,0.009375,0.9625,0.9375,0.9875
Llama-3.1-8B-Instruct,cycle,counterfactual,counterfactual,cheap_talk,sh,5,0.9625,0.946875,0.9813281249999999,,,,,,,,,,,,,,,,,,,,,,0.0,0.0,0.0,0.8625,0.7875,0.9375
Llama-3.1-8B-Instruct,cycle,framing_business,framing_business,cheap_talk,pd,5,0.78125,0.634375,0.9125,,,,,,,,,,,,,,,,,,,,,,0.0,0.0,0.0,0.4875,0.25,0.75
Llama-3.1-8B-Instruct,cycle,framing_business,framing_business,cheap_talk,sh,5,0.7863095238095238,0.7383928571428571,0.8291964285714287,,,,,,,,,,,,,,,,,,,,,,0.00625,0.0,0.0125,0.3875,0.25,0.525
Llama-3.1-8B-Instruct,cycle,framing_business_context[cheap_talk],framing_business_context,cheap_talk,pd,5,0.978125,0.934375,1.0,,,,,,,,,,,,,,,,,,,,,,0.0,0.0,0.0,0.925,0.775,1.0
Llama-3.1-8B-Instruct,cycle,framing_business_context[cheap_talk],framing_business_context,cheap_talk,sh,5,0.928125,0.865625,0.978125,,,,,,,,,,,,,,,,,,,,,,0.0,0.0,0.0,0.8,0.6871875000000001,0.9128124999999997
Llama-3.1-8B-Instruct,cycle,framing_business_context[no_comm],framing_business_context,no_comm,pd,5,0.5202608004139081,0.40944036178631993,0.6559322033898305,,,,,,,,,,,,,,,,,,,,,,0.06875,0.05625,0.084375,0.1125,0.0125,0.25
Llama-3.1-8B-Instruct,cycle,framing_business_context[no_comm],framing_business_context,no_comm,sh,5,0.7307490586465588,0.6309935710111046,0.8042099816998975,,,,,,,,,,,,,,,,,,,,,,0.071875,0.05625,0.084375,0.275,0.1125,0.4625
Llama-3.1-8B-Instruct,cycle,framing_competitive,framing_competitive,cheap_talk,pd,5,0.31879960317460315,0.2649801587301587,0.3990079365079365,,,,,,,,,,,,,,,,,,,,,,0.009375,0.003125,0.015625,0.0125,0.0,0.0375
Llama-3.1-8B-Instruct,cycle,framing_competitive,framing_competitive,cheap_talk,sh,5,0.5562996031746031,0.49970238095238095,0.590625,,,,,,,,,,,,,,,,,,,,,,0.00625,0.0,0.0125,0.1375,0.0875,0.1875
Llama-3.1-8B-Instruct,cycle,framing_competitive_context[cheap_talk],framing_competitive_context,cheap_talk,pd,5,0.9811011904761905,0.962202380952381,0.996875,,,,,,,,,,,,,,,,,,,,,,0.00625,0.0,0.0125,0.9,0.8125,0.9625
Llama-3.1-8B-Instruct,cycle,framing_competitive_context[cheap_talk],framing_competitive_context,cheap_talk,sh,5,0.971875,0.946875,0.99375,,,,,,,,,,,,,,,,,,,,,,0.0,0.0,0.0,0.9,0.7875,0.9875
Llama-3.1-8B-Instruct,cycle,framing_competitive_context[no_comm],framing_competitive_context,no_comm,pd,5,0.4516085143734913,0.3958709677419355,0.5161904761904761,,,,,,,,,,,,,,,,,,,,,,0.11875,0.062421875,0.18125,0.075,0.0125,0.15
Llama-3.1-8B-Instruct,cycle,framing_competitive_context[no_comm],framing_competitive_context,no_comm,sh,5,0.5532095235670211,0.46839213418160786,0.6042735042735043,,,,,,,,,,,,,,,,,,,,,,0.15,0.125,0.175,0.0875,0.0375,0.125
Llama-3.1-8B-Instruct,cycle,framing_team,framing_team,cheap_talk,pd,5,0.6799603174603175,0.5237103174603175,0.8282490079365078,,,,,,,,,,,,,,,,,,,,,,0.003125,0.0,0.009375,0.3125,0.12468750000000002,0.55
Llama-3.1-8B-Instruct,cycle,framing_team,framing_team,cheap_talk,sh,5,0.690625,0.653125,0.734375,,,,,,,,,,,,,,,,,,,,,,0.0,0.0,0.0,0.325,0.2,0.425
Llama-3.1-8B-Instruct,cycle,framing_team_context[cheap_talk],framing_team_context,cheap_talk,pd,5,0.99375,0.98125,1.0,,,,,,,,,,,,,,,,,,,,,,0.0,0.0,0.0,0.975,0.925,1.0
Llama-3.1-8B-Instruct,cycle,framing_team_context[cheap_talk],framing_team_context,cheap_talk,sh,5,0.86875,0.80625,0.93125,,,,,,,,,,,,,,,,,,,,,,0.0,0.0,0.0,0.7125,0.575,0.8625
Llama-3.1-8B-Instruct,cycle,framing_team_context[no_comm],framing_team_context,no_comm,pd,5,0.8830577233815793,0.7714855433698903,0.9827586206896551,,,,,,,,,,,,,,,,,,,,,,0.08125,0.021875,0.146875,0.5625,0.2875,0.8375
Llama-3.1-8B-Instruct,cycle,framing_team_context[no_comm],framing_team_context,no_comm,sh,5,0.6867091570318521,0.6256366368873675,0.7457320520067835,,,,,,,,,,,,,,,,,,,,,,0.078125,0.053125,0.103125,0.1875,0.1,0.2875
Llama-3.1-8B-Instruct,cycle,no_comm,no_comm,no_comm,pd,5,0.5681483361247864,0.4462616522018644,0.7216714882674381,,,,,,,,,,,,,,,,,,,,,,0.09375,0.05,0.153125,0.125,0.0125,0.2875
Llama-3.1-8B-Instruct,cycle,no_comm,no_comm,no_comm,sh,5,0.7025386291848177,0.6105869085890293,0.7775929102344197,,,,,,,,,,,,,,,,,,,,,,0.1125,0.078125,0.146875,0.225,0.1375,0.325
Llama-3.1-8B-Instruct,cycle,no_sense,no_sense,cheap_talk,pd,5,0.6265120967741936,0.46218750000000003,0.7858870967741935,,,,,,,,,,,,,,,,,,,,,,0.00625,0.0,0.01875,0.2375,0.075,0.4125
Llama-3.1-8B-Instruct,cycle,no_sense,no_sense,cheap_talk,sh,5,0.740625,0.646875,0.81875,,,,,,,,,,,,,,,,,,,,,,0.0,0.0,0.0,0.3125,0.1875,0.425
Llama-3.1-8B-Instruct,cycle,silence,silence,cheap_talk,pd,5,0.7356214482972812,0.49388498568826433,0.9772503840245775,,,,,,,,,,,,,,,,,,,,,,0.034375,0.01875,0.053125,0.475,0.1875,0.7625
Llama-3.1-8B-Instruct,cycle,silence,silence,cheap_talk,sh,5,0.6492332099418296,0.5204124801692226,0.7665785298783713,,,,,,,,,,,,,,,,,,,,,,0.0375,0.03125,0.04375,0.1125,0.0,0.2375
Llama-3.1-8B-Instruct,star,baseline_cheap_talk,baseline_cheap_talk,cheap_talk,pd,5,0.984375,0.959375,1.0,1.0,1.0,1.0,0.9791666666666666,0.9458333333333334,1.0,0.02083333333333335,0.0,0.054166666666666696,189.0,184.2,192.0,4.041666666666667,4.0,4.108333333333333,0.9822222222222223,0.9555555555555555,1.0,0.0,0.0,0.0,0.0,0.0,0.0,0.9375,0.8375,1.0
Llama-3.1-8B-Instruct,star,baseline_cheap_talk,baseline_cheap_talk,cheap_talk,sh,5,0.953125,0.875,0.996875,0.925,0.8,1.0,0.9625,0.8958333333333334,1.0,-0.0375,-0.09583333333333335,0.008333333333333349,274.2,252.0,287.0,5.6,4.950000000000001,5.991666666666666,0.9066666666666666,0.76,0.9955555555555555,,,,0.0,0.0,0.0,0.875,0.6875,0.9875
Llama-3.1-8B-Instruct,star,counterfactual,counterfactual,cheap_talk,pd,5,0.9528769841269842,0.9153769841269842,0.984375,0.9491666666666667,0.8741666666666668,1.0,0.9541666666666666,0.9291666666666666,0.9791666666666666,-0.00499999999999996,-0.05499999999999996,0.02083333333333337,187.8,180.0,194.4,3.8916666666666666,3.7166666666666663,4.041666666666667,0.9415873015873014,0.8793650793650792,0.9777777777777776,0.05083333333333333,0.0,0.12583333333333332,0.003125,0.0,0.009375,0.8125,0.6625,0.9375
Llama-3.1-8B-Instruct,star,counterfactual,counterfactual,cheap_talk,sh,5,0.9654761904761905,0.9528273809523811,0.984375,0.9875,0.9625,1.0,0.9580673758865249,0.9411347517730497,0.9791666666666667,0.029432624113475157,-2.2204460492503132e-17,0.05860593971631204,276.2,270.8,283.0,5.841666666666667,5.733125,5.95,0.9466666666666667,0.9111111111111111,0.9777777777777779,,,,0.003125,0.0,0.009375,0.8625,0.8,0.9375
Llama-3.1-8B-Instruct,star,framing_business,framing_business,cheap_talk,pd,5,0.69375,0.496875,0.890625,0.7125,0.5125,0.925,0.6875,0.4875,0.8875,0.025,-0.04583333333333332,0.10833333333333332,166.8,151.0,182.6,3.6,3.2083333333333335,4.008333333333333,0.7422222222222222,0.5644444444444445,0.9199999999999999,0.1375,0.0125,0.2625,0.0,0.0,0.0,0.4375,0.1125,0.7625
Llama-3.1-8B-Instruct,star,framing_business,framing_business,cheap_talk,sh,5,0.61875,0.496875,0.771875,0.675,0.6,0.7875,0.6,0.4583333333333333,0.7708333333333334,0.075,-0.0125,0.1541666666666667,184.8,157.37,222.8,4.075,3.6541666666666663,4.7041666666666675,0.6622222222222222,0.5644444444444444,0.7777777777777778,,,,0.0,0.0,0.0,0.25,0.1,0.475
Llama-3.1-8B-Instruct,star,framing_business_context[cheap_talk],framing_business_context,cheap_talk,pd,5,0.9875,0.9625,1.0,0.9875,0.9625,1.0,0.9875,0.9625,1.0,0.0,0.0,0.0,191.4,190.2,192.0,3.9875,3.9625,4.0,0.9866666666666667,0.96,1.0,0.0125,0.0,0.0375,0.0,0.0,0.0,0.95,0.85,1.0
Llama-3.1-8B-Instruct,star,framing_business_context[cheap_talk],framing_business_context,cheap_talk,sh,5,0.9498015873015874,0.9248015873015873,0.96875,0.9625,0.9375,0.9875,0.9454787234042554,0.9159574468085108,0.975,0.017021276595744685,-0.024999999999999977,0.05904255319148934,270.8,263.8,277.4,5.691666666666666,5.595833333333333,5.808645833333333,0.9018181818181817,0.8573737373737373,0.9373737373737374,,,,0.003125,0.0,0.009375,0.8,0.725,0.875
Llama-3.1-8B-Instruct,star,framing_business_context[no_comm],framing_business_context,no_comm,pd,5,0.5947754128045343,0.47135824495324946,0.73729044834308,0.6218648018648019,0.48307692307692307,0.7654545454545455,0.588619562664052,0.4717391304347826,0.7299981998958237,0.03324523920074983,-0.04267018006148442,0.10798271625015814,134.6,114.2,157.42,2.7833333333333337,2.4875,3.1333333333333337,0.6047488553424907,0.45136678906568745,0.7951364522417154,,,,0.0875,0.053125,0.121875,0.1625,0.025,0.4
Llama-3.1-8B-Instruct,star,framing_business_context[no_comm],framing_business_context,no_comm,sh,5,0.6368016321406151,0.5161375661375661,0.7632566585956416,0.5730710955710956,0.39178321678321676,0.7543589743589744,0.6547568710359408,0.545877378435518,0.7706659619450317,-0.08168577546484523,-0.19783298097251587,0.04457919986989756,142.0,108.905,174.20499999999998,2.833333333333333,1.9916666666666665,3.65,0.614280622777869,0.48509715893862243,0.7303072484819141,,,,0.109375,0.078125,0.1375,0.15,0.05,0.2375
Llama-3.1-8B-Instruct,star,framing_competitive,framing_competitive,cheap_talk,pd,5,0.36054025423728814,0.29375,0.4273305084745763,0.4355769230769231,0.2625,0.5876682692307691,0.33695652173913043,0.2875,0.3864130434782609,0.09862040133779265,-0.04999999999999999,0.2361900780379041,126.6,115.4,141.2,3.054166666666667,2.575,3.6291666666666673,0.5415686274509804,0.4602614379084967,0.6266666666666667,0.09038461538461538,0.0375,0.15,0.015625,0.0,0.046875,0.0125,0.0,0.0375
Llama-3.1-8B-Instruct,star,framing_competitive,framing_competitive,cheap_talk,sh,5,0.5251984126984126,0.5062996031746032,0.5440972222222222,0.575,0.45,0.7,0.5088652482269503,0.4625,0.5702127659574469,0.06613475177304966,-0.13111702127659575,0.23953900709219855,155.2,151.6,158.8,3.4333333333333336,2.9372916666666664,3.895833333333333,0.5337373737373736,0.4305050505050505,0.6473737373737374,,,,0.00625,0.0,0.0125,0.0875,0.0375,0.125
Llama-3.1-8B-Instruct,star,framing_competitive_context[cheap_talk],framing_competitive_context,cheap_talk,pd,5,0.946875,0.896875,0.996875,0.9625,0.925,1.0,0.9416666666666667,0.8875,0.9958333333333332,0.02083333333333335,0.0,0.054166666666666696,186.6,181.2,191.4,3.991666666666667,3.8958333333333335,4.066770833333334,0.928888888888889,0.8622222222222222,0.9955555555555555,0.0375,0.0,0.075,0.0,0.0,0.0,0.825,0.6375,0.9875
Llama-3.1-8B-Instruct,star,framing_competitive_context[cheap_talk],framing_competitive_context,cheap_talk,sh,5,0.93125,0.89375,0.96875,0.95,0.9125,0.9875,0.925,0.8875,0.9625,0.025,0.004166666666666674,0.04583333333333335,267.0,256.185,277.8,5.6375,5.4125,5.8625,0.928888888888889,0.8755555555555556,0.9866666666666667,,,,0.0,0.0,0.0,0.8,0.7,0.8875
Llama-3.1-8B-Instruct,star,framing_competitive_context[no_comm],framing_competitive_context,no_comm,pd,5,0.2756009669864773,0.1823757271285034,0.3769124423963134,0.28023809523809523,0.10166666666666666,0.505,0.27317293783483626,0.20758556891766883,0.3387603067520037,0.00706515740325897,-0.11401414034624024,0.1592435489572287,113.0,105.0,119.2,2.479166666666667,1.9540625000000003,3.1166666666666663,0.633330169381159,0.5073774179037337,0.7593538227303938,,,,0.0625,0.040625,0.096875,0.0125,0.0,0.0375
Llama-3.1-8B-Instruct,star,framing_competitive_context[no_comm],framing_competitive_context,no_comm,sh,5,0.6054782778102473,0.5429885057471264,0.6601129943502825,0.6921794871794871,0.5383333333333333,0.8183333333333334,0.575292330957843,0.5141749723145072,0.6446808510638298,0.11688715622164411,-0.03383560520380164,0.2680386280386281,148.6,127.0,170.8,3.333333333333333,2.8833333333333333,3.7666666666666666,0.5693138457103839,0.5167393199651265,0.6411295638675654,,,,0.09375,0.053125,0.13125,0.1375,0.0625,0.2625
Llama-3.1-8B-Instruct,star,framing_team,framing_team,cheap_talk,pd,5,0.675,0.421875,0.8532812499999999,0.675,0.375,0.9,0.675,0.4291666666666667,0.8458333333333332,-5.551115123125783e-18,-0.075,0.1,166.4,147.6,181.2,3.4666666666666663,2.75,4.05,0.8177777777777777,0.7688888888888888,0.8711111111111111,0.325,0.1,0.625,0.0,0.0,0.0,0.4375,0.225,0.6375
Llama-3.1-8B-Instruct,star,framing_team,framing_team,cheap_talk,sh,5,0.634375,0.5375,0.74375,0.65,0.5125,0.7878124999999997,0.6291666666666667,0.5458333333333334,0.7291666666666666,0.020833333333333325,-0.04583333333333335,0.08749999999999998,190.6,163.8,217.8,4.033333333333333,3.3041666666666663,4.6834375,0.6133333333333334,0.5155555555555555,0.7244444444444446,,,,0.0,0.0,0.0,0.2375,0.125,0.3875
Llama-3.1-8B-Instruct,star,framing_team_context[cheap_talk],framing_team_context,cheap_talk,pd,5,1.0,1.0,1.0,1.0,1.0,1.0,1.0,1.0,1.0,0.0,0.0,0.0,192.0,192.0,192.0,4.0,4.0,4.0,1.0,1.0,1.0,0.0,0.0,0.0,0.0,0.0,0.0,1.0,1.0,1.0
Llama-3.1-8B-Instruct,star,framing_team_context[cheap_talk],framing_team_context,cheap_talk,sh,5,0.8928278688524589,0.78125,0.9803278688524589,0.9375,0.8375,1.0,0.8786347517730497,0.761968085106383,0.975,0.05886524822695034,0.0125,0.10523049645390067,252.4,223.4,281.4,5.395833333333334,4.887500000000001,5.9,0.8625641025641025,0.7558974358974359,0.9692307692307693,,,,0.009375,0.0,0.028125,0.7125,0.5,0.925
Llama-3.1-8B-Instruct,star,framing_team_context[no_comm],framing_team_context,no_comm,pd,5,0.698811544991511,0.5219316784731574,0.8935483870967742,0.8057142857142857,0.6542857142857142,0.9571428571428571,0.6690199871050935,0.4800128949065119,0.8833333333333334,0.13669429860919222,0.06127659574468085,0.2121120014737036,127.8,104.985,160.4,3.1416666666666666,2.670833333333333,3.6333333333333337,0.6763247863247864,0.47376068376068375,0.8868055555555555,,,,0.065625,0.025,0.1,0.325,0.05,0.7
Llama-3.1-8B-Instruct,star,framing_team_context[no_comm],framing_team_context,no_comm,sh,5,0.7011679644048943,0.5559113300492611,0.8038912283489592,0.6562271062271062,0.4824175824175825,0.8181318681318681,0.7164336372847011,0.5723376623376624,0.8110058027079303,-0.0602065310575949,-0.13754259924472695,0.03463203463203464,167.8,134.0,193.4,3.2458333333333327,2.5666666666666664,3.7791666666666663,0.7084816110479669,0.6403812256609961,0.8099732076866223,,,,0.09375,0.0625,0.11875,0.2625,0.125,0.3875
Llama-3.1-8B-Instruct,star,no_comm,no_comm,no_comm,pd,5,0.46965541554976087,0.2613274008157212,0.6779834302838005,0.4704761904761905,0.24761904761904763,0.6933333333333334,0.4695095029854512,0.2657882011605416,0.6732308048103608,0.0009666874907392819,-0.048294788775824916,0.04860389610389611,134.0,112.18,157.6,2.8333333333333335,2.341666666666667,3.325,0.6789527680991095,0.623932781649245,0.7339024390243902,,,,0.04375,0.025,0.06875,0.1625,0.0,0.3375
Llama-3.1-8B-Instruct,star,no_comm,no_comm,no_comm,sh,5,0.6521467097194513,0.5900553771697148,0.7257498585172609,0.6524542124542124,0.4791208791208791,0.8247619047619047,0.6478508988949365,0.6044444444444445,0.6979713013359723,0.004603313559275957,-0.15540108470341032,0.14276258020938876,150.8,118.2,183.2849999999999,3.1416666666666666,2.2208333333333337,4.1375,0.6113386613386613,0.4935897435897436,0.7287379287379288,,,,0.090625,0.04375,0.140625,0.2,0.1125,0.275
Llama-3.1-8B-Instruct,star,no_sense,no_sense,cheap_talk,pd,5,0.484375,0.315625,0.675,0.5375,0.35,0.725,0.4666666666666667,0.30416666666666664,0.6625,0.07083333333333333,0.025000000000000005,0.125,145.6,130.2,163.44499999999996,3.3875,2.9625,3.8416666666666663,0.6533333333333332,0.5644444444444444,0.7511111111111111,0.0,0.0,0.0,0.0,0.0,0.0,0.1625,0.0375,0.35
Llama-3.1-8B-Instruct,star,no_sense,no_sense,cheap_talk,sh,5,0.7020337301587302,0.617607886904762,0.8,0.775,0.7,0.8375,0.6774822695035462,0.5708333333333334,0.7941489361702128,0.09751773049645389,-0.008333333333333349,0.20336879432624114,197.8,172.595,226.4,4.408333333333333,4.0125,4.804166666666666,0.651010101010101,0.5308080808080808,0.7644444444444445,,,,0.003125,0.0,0.009375,0.2875,0.1125,0.4625
Llama-3.1-8B-Instruct,star,silence,silence,cheap_talk,pd,5,0.3290674603174603,0.29250992063492065,0.36564856150793645,0.3625,0.2625,0.45,0.3179078014184397,0.26242686170212765,0.3792708333333333,0.044592198581560286,-0.10540780141843972,0.16250000000000003,133.6,120.2,149.0,2.9916666666666667,2.5208333333333335,3.3708333333333336,0.5945454545454546,0.4977777777777777,0.6991919191919191,,,,0.003125,0.0,0.009375,0.025,0.0,0.05
Llama-3.1-8B-Instruct,star,silence,silence,cheap_talk,sh,5,0.8431451612903226,0.78125,0.9118951612903226,0.8875,0.825,0.9503124999999997,0.8291666666666668,0.7625,0.9041666666666668,0.05833333333333333,0.008333333333333304,0.10833333333333332,233.6,217.0,254.0,5.029166666666667,4.766666666666667,5.345833333333333,0.7914529914529915,0.7025641025641025,0.8981196581196581,,,,0.00625,0.0,0.01875,0.5,0.3375,0.6625
Qwen2.5-7B-Instruct,cycle,baseline_cheap_talk,baseline_cheap_talk,cheap_talk,pd,5,0.9625,0.8875,1.0,,,,,,,,,,,,,,,,,,,,,,0.0,0.0,0.0,0.8875,0.6625,1.0
Qwen2.5-7B-Instruct,cycle,baseline_cheap_talk,baseline_cheap_talk,cheap_talk,sh,5,1.0,1.0,1.0,,,,,,,,,,,,,,,,,,,,,,0.0,0.0,0.0,1.0,1.0,1.0
Qwen2.5-7B-Instruct,cycle,counterfactual,counterfactual,cheap_talk,pd,5,0.971875,0.921875,1.0,,,,,,,,,,,,,,,,,,,,,,0.0,0.0,0.0,0.9375,0.8375,1.0
Qwen2.5-7B-Instruct,cycle,counterfactual,counterfactual,cheap_talk,sh,5,1.0,1.0,1.0,,,,,,,,,,,,,,,,,,,,,,0.0,0.0,0.0,1.0,1.0,1.0
Qwen2.5-7B-Instruct,cycle,framing_business,framing_business,cheap_talk,pd,5,0.975,0.925,1.0,,,,,,,,,,,,,,,,,,,,,,0.0,0.0,0.0,0.925,0.775,1.0
Qwen2.5-7B-Instruct,cycle,framing_business,framing_business,cheap_talk,sh,5,1.0,1.0,1.0,,,,,,,,,,,,,,,,,,,,,,0.0,0.0,0.0,1.0,1.0,1.0
Qwen2.5-7B-Instruct,cycle,framing_business_context[cheap_talk],framing_business_context,cheap_talk,pd,5,1.0,1.0,1.0,,,,,,,,,,,,,,,,,,,,,,0.0,0.0,0.0,1.0,1.0,1.0
Qwen2.5-7B-Instruct,cycle,framing_business_context[cheap_talk],framing_business_context,cheap_talk,sh,5,1.0,1.0,1.0,,,,,,,,,,,,,,,,,,,,,,0.0,0.0,0.0,1.0,1.0,1.0
Qwen2.5-7B-Instruct,cycle,framing_business_context[no_comm],framing_business_context,no_comm,pd,5,0.6625,0.3125,1.0,,,,,,,,,,,,,,,,,,,,,,0.0,0.0,0.0,0.6,0.2,1.0
Qwen2.5-7B-Instruct,cycle,framing_business_context[no_comm],framing_business_context,no_comm,sh,5,0.996875,0.990625,1.0,,,,,,,,,,,,,,,,,,,,,,0.0,0.0,0.0,0.9875,0.9625,1.0
Qwen2.5-7B-Instruct,cycle,framing_competitive,framing_competitive,cheap_talk,pd,5,0.11875,0.05,0.20625,,,,,,,,,,,,,,,,,,,,,,0.0,0.0,0.0,0.0,0.0,0.0
Qwen2.5-7B-Instruct,cycle,framing_competitive,framing_competitive,cheap_talk,sh,5,0.971875,0.9375,0.996875,,,,,,,,,,,,,,,,,,,,,,0.0,0.0,0.0,0.9125,0.825,0.9875
Qwen2.5-7B-Instruct,cycle,framing_competitive_context[cheap_talk],framing_competitive_context,cheap_talk,pd,5,0.94375,0.83125,1.0,,,,,,,,,,,,,,,,,,,,,,0.0,0.0,0.0,0.85,0.55,1.0
Qwen2.5-7B-Instruct,cycle,framing_competitive_context[cheap_talk],framing_competitive_context,cheap_talk,sh,5,1.0,1.0,1.0,,,,,,,,,,,,,,,,,,,,,,0.0,0.0,0.0,1.0,1.0,1.0
Qwen2.5-7B-Instruct,cycle,framing_competitive_context[no_comm],framing_competitive_context,no_comm,pd,5,0.1375,0.125,0.15625,,,,,,,,,,,,,,,,,,,,,,0.0,0.0,0.0,0.0,0.0,0.0
Qwen2.5-7B-Instruct,cycle,framing_competitive_context[no_comm],framing_competitive_context,no_comm,sh,5,0.8625,0.796875,0.93125,,,,,,,,,,,,,,,,,,,,,,0.0,0.0,0.0,0.6375,0.5375,0.7625
Qwen2.5-7B-Instruct,cycle,framing_team,framing_team,cheap_talk,pd,5,0.996875,0.990625,1.0,,,,,,,,,,,,,,,,,,,,,,0.0,0.0,0.0,0.9875,0.9625,1.0
Qwen2.5-7B-Instruct,cycle,framing_team,framing_team,cheap_talk,sh,5,1.0,1.0,1.0,,,,,,,,,,,,,,,,,,,,,,0.0,0.0,0.0,1.0,1.0,1.0
Qwen2.5-7B-Instruct,cycle,framing_team_context[cheap_talk],framing_team_context,cheap_talk,pd,5,0.996875,0.990625,1.0,,,,,,,,,,,,,,,,,,,,,,0.0,0.0,0.0,0.9875,0.9625,1.0
Qwen2.5-7B-Instruct,cycle,framing_team_context[cheap_talk],framing_team_context,cheap_talk,sh,5,1.0,1.0,1.0,,,,,,,,,,,,,,,,,,,,,,0.0,0.0,0.0,1.0,1.0,1.0
Qwen2.5-7B-Instruct,cycle,framing_team_context[no_comm],framing_team_context,no_comm,pd,5,0.9375,0.8125,1.0,,,,,,,,,,,,,,,,,,,,,,0.0,0.0,0.0,0.85,0.55,1.0
Qwen2.5-7B-Instruct,cycle,framing_team_context[no_comm],framing_team_context,no_comm,sh,5,1.0,1.0,1.0,,,,,,,,,,,,,,,,,,,,,,0.0,0.0,0.0,1.0,1.0,1.0
Qwen2.5-7B-Instruct,cycle,no_comm,no_comm,no_comm,pd,5,0.109375,0.078125,0.140625,,,,,,,,,,,,,,,,,,,,,,0.0,0.0,0.0,0.0,0.0,0.0
Qwen2.5-7B-Instruct,cycle,no_comm,no_comm,no_comm,sh,5,0.909375,0.865625,0.953125,,,,,,,,,,,,,,,,,,,,,,0.0,0.0,0.0,0.7375,0.6375,0.8375
Qwen2.5-7B-Instruct,cycle,no_sense,no_sense,cheap_talk,pd,5,0.16875,0.1125,0.234375,,,,,,,,,,,,,,,,,,,,,,0.0,0.0,0.0,0.025,0.0,0.05
Qwen2.5-7B-Instruct,cycle,no_sense,no_sense,cheap_talk,sh,5,0.93125,0.9125,0.959375,,,,,,,,,,,,,,,,,,,,,,0.0,0.0,0.0,0.775,0.7,0.8625
Qwen2.5-7B-Instruct,cycle,silence,silence,cheap_talk,pd,5,0.39375,0.359375,0.428125,,,,,,,,,,,,,,,,,,,,,,0.0,0.0,0.0,0.0,0.0,0.0
Qwen2.5-7B-Instruct,cycle,silence,silence,cheap_talk,sh,5,0.9875,0.9625,1.0,,,,,,,,,,,,,,,,,,,,,,0.0,0.0,0.0,0.95,0.85,1.0
Qwen2.5-7B-Instruct,star,baseline_cheap_talk,baseline_cheap_talk,cheap_talk,pd,5,1.0,1.0,1.0,1.0,1.0,1.0,1.0,1.0,1.0,0.0,0.0,0.0,192.0,192.0,192.0,4.0,4.0,4.0,1.0,1.0,1.0,0.0,0.0,0.0,0.0,0.0,0.0,1.0,1.0,1.0
Qwen2.5-7B-Instruct,star,baseline_cheap_talk,baseline_cheap_talk,cheap_talk,sh,5,1.0,1.0,1.0,1.0,1.0,1.0,1.0,1.0,1.0,0.0,0.0,0.0,288.0,288.0,288.0,6.0,6.0,6.0,1.0,1.0,1.0,,,,0.0,0.0,0.0,1.0,1.0,1.0
Qwen2.5-7B-Instruct,star,counterfactual,counterfactual,cheap_talk,pd,5,0.765625,0.65625,0.865625,0.9125,0.7996875000000001,1.0,0.7166666666666667,0.6083333333333333,0.8208333333333334,0.19583333333333333,0.14583333333333331,0.2416666666666667,156.4,147.0,167.2,4.237499999999999,3.9958333333333327,4.442083333333334,0.7155555555555555,0.6044444444444445,0.8222222222222222,0.0875,0.0,0.20031249999999973,0.0,0.0,0.0,0.4125,0.2625,0.5875
Qwen2.5-7B-Instruct,star,counterfactual,counterfactual,cheap_talk,sh,5,0.99375,0.9875,1.0,1.0,1.0,1.0,0.9916666666666666,0.9833333333333332,1.0,0.008333333333333349,0.0,0.016666666666666698,286.0,284.0,288.0,5.9833333333333325,5.966666666666666,6.0,0.9911111111111112,0.9822222222222221,1.0,,,,0.0,0.0,0.0,0.975,0.95,1.0
Qwen2.5-7B-Instruct,star,framing_business,framing_business,cheap_talk,pd,5,0.98125,0.965625,0.996875,0.975,0.925,1.0,0.9833333333333332,0.9583333333333333,1.0,-0.008333333333333326,-0.07083333333333333,0.04166666666666667,192.0,186.0,198.6,3.9583333333333335,3.7833333333333337,4.083333333333334,0.968888888888889,0.9422222222222223,0.9955555555555555,0.0,0.0,0.0,0.0,0.0,0.0,0.925,0.8625,0.9875
Qwen2.5-7B-Instruct,star,framing_business,framing_business,cheap_talk,sh,5,1.0,1.0,1.0,1.0,1.0,1.0,1.0,1.0,1.0,0.0,0.0,0.0,288.0,288.0,288.0,6.0,6.0,6.0,1.0,1.0,1.0,,,,0.0,0.0,0.0,1.0,1.0,1.0
Qwen2.5-7B-Instruct,star,framing_business_context[cheap_talk],framing_business_context,cheap_talk,pd,5,1.0,1.0,1.0,1.0,1.0,1.0,1.0,1.0,1.0,0.0,0.0,0.0,192.0,192.0,192.0,4.0,4.0,4.0,1.0,1.0,1.0,0.0,0.0,0.0,0.0,0.0,0.0,1.0,1.0,1.0
Qwen2.5-7B-Instruct,star,framing_business_context[cheap_talk],framing_business_context,cheap_talk,sh,5,1.0,1.0,1.0,1.0,1.0,1.0,1.0,1.0,1.0,0.0,0.0,0.0,288.0,288.0,288.0,6.0,6.0,6.0,1.0,1.0,1.0,,,,0.0,0.0,0.0,1.0,1.0,1.0
Qwen2.5-7B-Instruct,star,framing_business_context[no_comm],framing_business_context,no_comm,pd,5,0.65,0.26875,1.0,0.6375,0.2375,1.0,0.6541666666666666,0.2791666666666667,1.0,-0.01666666666666667,-0.04166666666666667,0.0,161.8,128.2,192.0,3.2875,2.4625,4.0,0.9422222222222223,0.8355555555555556,1.0,,,,0.0,0.0,0.0,0.6,0.2,1.0
Qwen2.5-7B-Instruct,star,framing_business_context[no_comm],framing_business_context,no_comm,sh,5,0.9875,0.9625,1.0,0.9875,0.9625,1.0,0.9875,0.9625,1.0,0.0,0.0,0.0,283.8,275.4,288.0,5.9125,5.7375,6.0,0.9911111111111112,0.9733333333333334,1.0,,,,0.0,0.0,0.0,0.9625,0.8875,1.0
Qwen2.5-7B-Instruct,star,framing_competitive,framing_competitive,cheap_talk,pd,5,0.328125,0.046875,0.6125,0.325,0.0125,0.6375,0.32916666666666666,0.049999999999999996,0.6083333333333333,-0.004166666666666657,-0.054270833333333324,0.04583333333333336,131.8,105.0,159.2,2.725,1.9916666666666667,3.475,0.8666666666666668,0.76,0.96,0.0625,0.0,0.1503124999999997,0.0,0.0,0.0,0.125,0.0,0.3
Qwen2.5-7B-Instruct,star,framing_competitive,framing_competitive,cheap_talk,sh,5,0.990625,0.978125,1.0,1.0,1.0,1.0,0.9875,0.9708333333333334,1.0,0.0125,0.0,0.029166666666666653,285.0,281.0,288.0,5.975,5.941666666666667,6.0,0.9955555555555555,0.9866666666666667,1.0,,,,0.0,0.0,0.0,0.9625,0.9125,1.0
Qwen2.5-7B-Instruct,star,framing_competitive_context[cheap_talk],framing_competitive_context,cheap_talk,pd,5,0.8875,0.75,1.0,0.9,0.8,1.0,0.8833333333333332,0.7333333333333333,1.0,0.016666666666666673,-0.024999999999999977,0.075,182.4,169.745,192.0,3.883333333333333,3.708333333333333,4.0,0.888888888888889,0.7644444444444444,1.0,0.0875,0.0,0.1875,0.0,0.0,0.0,0.775,0.525,1.0
Qwen2.5-7B-Instruct,star,framing_competitive_context[cheap_talk],framing_competitive_context,cheap_talk,sh,5,1.0,1.0,1.0,1.0,1.0,1.0,1.0,1.0,1.0,0.0,0.0,0.0,288.0,288.0,288.0,6.0,6.0,6.0,1.0,1.0,1.0,,,,0.0,0.0,0.0,1.0,1.0,1.0
Qwen2.5-7B-Instruct,star,framing_competitive_context[no_comm],framing_competitive_context,no_comm,pd,5,0.115625,0.09375,0.1375,0.1125,0.075,0.15,0.11666666666666667,0.07916666666666668,0.15,-0.004166666666666663,-0.05833333333333335,0.07083333333333335,112.8,104.0,119.6,2.3291666666666666,2.154166666666667,2.5210416666666666,0.8266666666666668,0.7777777777777777,0.8755555555555556,,,,0.0,0.0,0.0,0.0,0.0,0.0
Qwen2.5-7B-Instruct,star,framing_competitive_context[no_comm],framing_competitive_context,no_comm,sh,5,0.84375,0.771875,0.89375,0.8375,0.775,0.9,0.8458333333333332,0.7625,0.9,-0.008333333333333326,-0.07083333333333333,0.05833333333333335,240.2,218.2,254.8,4.979166666666666,4.579166666666667,5.312499999999999,0.7688888888888888,0.711111111111111,0.8177777777777777,,,,0.0,0.0,0.0,0.5375,0.3875,0.6625
Qwen2.5-7B-Instruct,star,framing_team,framing_team,cheap_talk,pd,5,0.975,0.959375,0.990625,1.0,1.0,1.0,0.9666666666666666,0.9458333333333332,0.9875,0.03333333333333335,0.012500000000000022,0.054166666666666675,187.2,184.2,190.2,4.066666666666667,4.025,4.108333333333333,0.9644444444444445,0.9422222222222223,0.9866666666666667,0.0,0.0,0.0,0.0,0.0,0.0,0.9,0.8375,0.9625
Qwen2.5-7B-Instruct,star,framing_team,framing_team,cheap_talk,sh,5,1.0,1.0,1.0,1.0,1.0,1.0,1.0,1.0,1.0,0.0,0.0,0.0,288.0,288.0,288.0,6.0,6.0,6.0,1.0,1.0,1.0,,,,0.0,0.0,0.0,1.0,1.0,1.0
Qwen2.5-7B-Instruct,star,framing_team_context[cheap_talk],framing_team_context,cheap_talk,pd,5,1.0,1.0,1.0,1.0,1.0,1.0,1.0,1.0,1.0,0.0,0.0,0.0,192.0,192.0,192.0,4.0,4.0,4.0,1.0,1.0,1.0,0.0,0.0,0.0,0.0,0.0,0.0,1.0,1.0,1.0
Qwen2.5-7B-Instruct,star,framing_team_context[cheap_talk],framing_team_context,cheap_talk,sh,5,1.0,1.0,1.0,1.0,1.0,1.0,1.0,1.0,1.0,0.0,0.0,0.0,288.0,288.0,288.0,6.0,6.0,6.0,1.0,1.0,1.0,,,,0.0,0.0,0.0,1.0,1.0,1.0
Qwen2.5-7B-Instruct,star,framing_team_context[no_comm],framing_team_context,no_comm,pd,5,1.0,1.0,1.0,1.0,1.0,1.0,1.0,1.0,1.0,0.0,0.0,0.0,192.0,192.0,192.0,4.0,4.0,4.0,1.0,1.0,1.0,,,,0.0,0.0,0.0,1.0,1.0,1.0
Qwen2.5-7B-Instruct,star,framing_team_context[no_comm],framing_team_context,no_comm,sh,5,1.0,1.0,1.0,1.0,1.0,1.0,1.0,1.0,1.0,0.0,0.0,0.0,288.0,288.0,288.0,6.0,6.0,6.0,1.0,1.0,1.0,,,,0.0,0.0,0.0,1.0,1.0,1.0
Qwen2.5-7B-Instruct,star,no_comm,no_comm,no_comm,pd,5,0.084375,0.059375,0.115625,0.0625,0.025,0.1,0.09166666666666667,0.06666666666666667,0.12083333333333335,-0.029166666666666667,-0.05,-0.0125,109.6,106.8,113.4,2.1375,2.0208333333333335,2.2375,0.928888888888889,0.8800000000000001,0.9733333333333334,,,,0.0,0.0,0.0,0.0,0.0,0.0
Qwen2.5-7B-Instruct,star,no_comm,no_comm,no_comm,sh,5,0.93125,0.875,0.975,0.9375,0.8625,0.9875,0.9291666666666668,0.8791666666666668,0.9708333333333334,0.008333333333333326,-0.016666666666666653,0.033333333333333305,266.8,250.4,279.8,5.583333333333334,5.158333333333333,5.879166666666667,0.9244444444444445,0.8577777777777778,0.9733333333333334,,,,0.0,0.0,0.0,0.8,0.675,0.925
Qwen2.5-7B-Instruct,star,no_sense,no_sense,cheap_talk,pd,5,0.115625,0.06875,0.1625,0.05,0.0125,0.1,0.1375,0.08333333333333333,0.1916666666666667,-0.0875,-0.12083333333333335,-0.04999999999999999,119.8,110.8,128.8,2.058333333333333,1.9333333333333331,2.2041666666666666,0.8977777777777778,0.8622222222222223,0.928888888888889,0.0,0.0,0.0,0.0,0.0,0.0,0.0,0.0,0.0
Qwen2.5-7B-Instruct,star,no_sense,no_sense,cheap_talk,sh,5,0.984375,0.975,0.99375,0.975,0.95,1.0,0.9875,0.9791666666666666,0.9958333333333333,-0.012499999999999978,-0.04166666666666665,0.016666666666666698,282.6,279.2,285.8,5.85,5.716666666666666,5.975,0.9777777777777779,0.9511111111111111,1.0,,,,0.0,0.0,0.0,0.9375,0.9,0.975
Qwen2.5-7B-Instruct,star,silence,silence,cheap_talk,pd,5,0.428125,0.203125,0.7036718749999995,0.4,0.1625,0.725,0.4375,0.20833333333333334,0.7170833333333329,-0.03749999999999999,-0.11260416666666666,0.058333333333333334,147.4,125.6,169.8,2.8833333333333333,2.3083333333333327,3.508333333333333,0.808888888888889,0.671111111111111,0.9199999999999999,,,,0.0,0.0,0.0,0.25,0.0125,0.5881249999999995
Qwen2.5-7B-Instruct,star,silence,silence,cheap_talk,sh,5,0.996875,0.990625,1.0,1.0,1.0,1.0,0.9958333333333333,0.9875,1.0,0.004166666666666674,0.0,0.012500000000000022,287.0,285.0,288.0,5.991666666666666,5.975,6.0,1.0,1.0,1.0,,,,0.0,0.0,0.0,0.9875,0.9625,1.0
Qwen3-4B,cycle,baseline_cheap_talk,baseline_cheap_talk,cheap_talk,pd,5,1.0,1.0,1.0,,,,,,,,,,,,,,,,,,,,,,0.0,0.0,0.0,1.0,1.0,1.0
Qwen3-4B,cycle,baseline_cheap_talk,baseline_cheap_talk,cheap_talk,sh,5,1.0,1.0,1.0,,,,,,,,,,,,,,,,,,,,,,0.0,0.0,0.0,1.0,1.0,1.0
Qwen3-4B,cycle,counterfactual,counterfactual,cheap_talk,pd,5,1.0,1.0,1.0,,,,,,,,,,,,,,,,,,,,,,0.0,0.0,0.0,1.0,1.0,1.0
Qwen3-4B,cycle,counterfactual,counterfactual,cheap_talk,sh,5,1.0,1.0,1.0,,,,,,,,,,,,,,,,,,,,,,0.0,0.0,0.0,1.0,1.0,1.0
Qwen3-4B,cycle,framing_business,framing_business,cheap_talk,pd,5,1.0,1.0,1.0,,,,,,,,,,,,,,,,,,,,,,0.0,0.0,0.0,1.0,1.0,1.0
Qwen3-4B,cycle,framing_business,framing_business,cheap_talk,sh,5,1.0,1.0,1.0,,,,,,,,,,,,,,,,,,,,,,0.0,0.0,0.0,1.0,1.0,1.0
Qwen3-4B,cycle,framing_business_context[cheap_talk],framing_business_context,cheap_talk,pd,5,1.0,1.0,1.0,,,,,,,,,,,,,,,,,,,,,,0.0,0.0,0.0,1.0,1.0,1.0
Qwen3-4B,cycle,framing_business_context[cheap_talk],framing_business_context,cheap_talk,sh,5,1.0,1.0,1.0,,,,,,,,,,,,,,,,,,,,,,0.0,0.0,0.0,1.0,1.0,1.0
Qwen3-4B,cycle,framing_business_context[no_comm],framing_business_context,no_comm,pd,5,0.17671239030850416,0.06737503712717133,0.3804710759374411,,,,,,,,,,,,,,,,,,,,,,0.121875,0.065625,0.2125,0.0125,0.0,0.0375
Qwen3-4B,cycle,framing_business_context[no_comm],framing_business_context,no_comm,sh,5,0.9903225806451612,0.9774193548387096,1.0,,,,,,,,,,,,,,,,,,,,,,0.01875,0.009375,0.028125,0.9125,0.8625,0.9625
Qwen3-4B,cycle,framing_competitive,framing_competitive,cheap_talk,pd,5,0.01875,0.003125,0.04070312499999993,,,,,,,,,,,,,,,,,,,,,,0.0,0.0,0.0,0.0,0.0,0.0
Qwen3-4B,cycle,framing_competitive,framing_competitive,cheap_talk,sh,5,1.0,1.0,1.0,,,,,,,,,,,,,,,,,,,,,,0.0,0.0,0.0,1.0,1.0,1.0
Qwen3-4B,cycle,framing_competitive_context[cheap_talk],framing_competitive_context,cheap_talk,pd,5,1.0,1.0,1.0,,,,,,,,,,,,,,,,,,,,,,0.0,0.0,0.0,1.0,1.0,1.0
Qwen3-4B,cycle,framing_competitive_context[cheap_talk],framing_competitive_context,cheap_talk,sh,5,1.0,1.0,1.0,,,,,,,,,,,,,,,,,,,,,,0.0,0.0,0.0,1.0,1.0,1.0
Qwen3-4B,cycle,framing_competitive_context[no_comm],framing_competitive_context,no_comm,pd,5,0.08767348478723691,0.05571455520521734,0.120982900800388,,,,,,,,,,,,,,,,,,,,,,0.121875,0.0375,0.234375,0.0,0.0,0.0
Qwen3-4B,cycle,framing_competitive_context[no_comm],framing_competitive_context,no_comm,sh,5,0.8865670821114369,0.7991477272727273,0.9711693548387096,,,,,,,,,,,,,,,,,,,,,,0.1125,0.0125,0.25625,0.5875,0.275,0.875
Qwen3-4B,cycle,framing_team,framing_team,cheap_talk,pd,5,1.0,1.0,1.0,,,,,,,,,,,,,,,,,,,,,,0.0,0.0,0.0,1.0,1.0,1.0
Qwen3-4B,cycle,framing_team,framing_team,cheap_talk,sh,5,1.0,1.0,1.0,,,,,,,,,,,,,,,,,,,,,,0.0,0.0,0.0,1.0,1.0,1.0
Qwen3-4B,cycle,framing_team_context[cheap_talk],framing_team_context,cheap_talk,pd,5,1.0,1.0,1.0,,,,,,,,,,,,,,,,,,,,,,0.0,0.0,0.0,1.0,1.0,1.0
Qwen3-4B,cycle,framing_team_context[cheap_talk],framing_team_context,cheap_talk,sh,5,1.0,1.0,1.0,,,,,,,,,,,,,,,,,,,,,,0.0,0.0,0.0,1.0,1.0,1.0
Qwen3-4B,cycle,framing_team_context[no_comm],framing_team_context,no_comm,pd,5,0.9102040816326531,0.7306122448979592,1.0,,,,,,,,,,,,,,,,,,,,,,0.046875,0.0,0.140625,0.8125,0.4375,1.0
Qwen3-4B,cycle,framing_team_context[no_comm],framing_team_context,no_comm,sh,5,1.0,1.0,1.0,,,,,,,,,,,,,,,,,,,,,,0.00625,0.0,0.01875,0.975,0.925,1.0
Qwen3-4B,cycle,no_comm,no_comm,no_comm,pd,5,0.04708782848591076,0.0188558223746903,0.07498761196874404,,,,,,,,,,,,,,,,,,,,,,0.109375,0.059375,0.159375,0.0,0.0,0.0
Qwen3-4B,cycle,no_comm,no_comm,no_comm,sh,5,0.9548668032786886,0.9252049180327869,0.9804815573770492,,,,,,,,,,,,,,,,,,,,,,0.128125,0.01875,0.31875,0.6375,0.4,0.825
Qwen3-4B,cycle,no_sense,no_sense,cheap_talk,pd,5,0.95,0.915625,0.984375,,,,,,,,,,,,,,,,,,,,,,0.0,0.0,0.0,0.85,0.7365625000000001,0.9625
Qwen3-4B,cycle,no_sense,no_sense,cheap_talk,sh,5,0.990625,0.971875,1.0,,,,,,,,,,,,,,,,,,,,,,0.0,0.0,0.0,0.9625,0.8875,1.0
Qwen3-4B,cycle,silence,silence,cheap_talk,pd,5,0.8730158730158731,0.6190476190476191,1.0,,,,,,,,,,,,,,,,,,,,,,0.003125,0.0,0.009375,0.8,0.4,1.0
Qwen3-4B,cycle,silence,silence,cheap_talk,sh,5,0.990625,0.984375,0.996875,,,,,,,,,,,,,,,,,,,,,,0.0,0.0,0.0,0.9625,0.9375,0.9875
Qwen3-4B,star,baseline_cheap_talk,baseline_cheap_talk,cheap_talk,pd,5,1.0,1.0,1.0,1.0,1.0,1.0,1.0,1.0,1.0,0.0,0.0,0.0,192.0,192.0,192.0,4.0,4.0,4.0,1.0,1.0,1.0,0.0,0.0,0.0,0.0,0.0,0.0,1.0,1.0,1.0
Qwen3-4B,star,baseline_cheap_talk,baseline_cheap_talk,cheap_talk,sh,5,1.0,1.0,1.0,1.0,1.0,1.0,1.0,1.0,1.0,0.0,0.0,0.0,288.0,288.0,288.0,6.0,6.0,6.0,1.0,1.0,1.0,,,,0.0,0.0,0.0,1.0,1.0,1.0
Qwen3-4B,star,counterfactual,counterfactual,cheap_talk,pd,5,0.996875,0.990625,1.0,1.0,1.0,1.0,0.9958333333333332,0.9875,1.0,0.004166666666666674,0.0,0.012500000000000022,191.4,190.2,192.0,4.008333333333334,4.0,4.025,1.0,1.0,1.0,0.0,0.0,0.0,0.0,0.0,0.0,0.9875,0.9625,1.0
Qwen3-4B,star,counterfactual,counterfactual,cheap_talk,sh,5,1.0,1.0,1.0,1.0,1.0,1.0,1.0,1.0,1.0,0.0,0.0,0.0,288.0,288.0,288.0,6.0,6.0,6.0,1.0,1.0,1.0,,,,0.0,0.0,0.0,1.0,1.0,1.0
Qwen3-4B,star,framing_business,framing_business,cheap_talk,pd,5,1.0,1.0,1.0,1.0,1.0,1.0,1.0,1.0,1.0,0.0,0.0,0.0,192.0,192.0,192.0,4.0,4.0,4.0,1.0,1.0,1.0,0.0,0.0,0.0,0.0,0.0,0.0,1.0,1.0,1.0
Qwen3-4B,star,framing_business,framing_business,cheap_talk,sh,5,1.0,1.0,1.0,1.0,1.0,1.0,1.0,1.0,1.0,0.0,0.0,0.0,288.0,288.0,288.0,6.0,6.0,6.0,1.0,1.0,1.0,,,,0.0,0.0,0.0,1.0,1.0,1.0
Qwen3-4B,star,framing_business_context[cheap_talk],framing_business_context,cheap_talk,pd,5,1.0,1.0,1.0,1.0,1.0,1.0,1.0,1.0,1.0,0.0,0.0,0.0,192.0,192.0,192.0,4.0,4.0,4.0,1.0,1.0,1.0,0.0,0.0,0.0,0.0,0.0,0.0,1.0,1.0,1.0
Qwen3-4B,star,framing_business_context[cheap_talk],framing_business_context,cheap_talk,sh,5,1.0,1.0,1.0,1.0,1.0,1.0,1.0,1.0,1.0,0.0,0.0,0.0,288.0,288.0,288.0,6.0,6.0,6.0,1.0,1.0,1.0,,,,0.0,0.0,0.0,1.0,1.0,1.0
Qwen3-4B,star,framing_business_context[no_comm],framing_business_context,no_comm,pd,5,0.24984359191255745,0.045942006269592474,0.5641110613524407,0.22333333333333333,0.016666666666666666,0.5366666666666667,0.2576271891236502,0.04982994760547845,0.5724393326592516,-0.03429385579031685,-0.05774515339732731,0.0030021141649048733,95.6,69.8,139.0,1.9291666666666667,1.4708333333333332,2.7458333333333336,0.9442261904761905,0.9004166666666666,0.9779761904761906,,,,0.1,0.046875,0.140625,0.15,0.0,0.45
Qwen3-4B,star,framing_business_context[no_comm],framing_business_context,no_comm,sh,5,0.8489061241252942,0.639120476408612,0.9827586206896551,0.8282142857142857,0.6112053571428572,0.9857142857142858,0.8553646934460888,0.6443181818181818,0.9860465116279069,-0.02715040773180306,-0.07424343098761702,0.007792207792207817,201.4,113.8,257.22999999999996,4.095833333333333,2.283333333333333,5.320833333333334,0.9300542005420054,0.8556097560975611,0.9944444444444445,,,,0.140625,0.046875,0.2875,0.55,0.2625,0.8125
Qwen3-4B,star,framing_competitive,framing_competitive,cheap_talk,pd,5,0.00625,0.0,0.01875,0.0,0.0,0.0,0.008333333333333333,0.0,0.025,-0.008333333333333333,-0.025,0.0,97.6,96.0,100.8,1.9916666666666665,1.975,2.0,1.0,1.0,1.0,0.0,0.0,0.0,0.0,0.0,0.0,0.0,0.0,0.0
Qwen3-4B,star,framing_competitive,framing_competitive,cheap_talk,sh,5,0.984375,0.962421875,1.0,0.975,0.925,1.0,0.9875,0.9708333333333334,1.0,-0.0125,-0.050000000000000024,0.012500000000000022,283.2,276.57500000000005,288.0,5.8625,5.612291666666667,6.0,0.9822222222222223,0.9466666666666665,1.0,,,,0.0,0.0,0.0,0.95,0.8871875,1.0
Qwen3-4B,star,framing_competitive_context[cheap_talk],framing_competitive_context,cheap_talk,pd,5,1.0,1.0,1.0,1.0,1.0,1.0,1.0,1.0,1.0,0.0,0.0,0.0,192.0,192.0,192.0,4.0,4.0,4.0,1.0,1.0,1.0,0.0,0.0,0.0,0.0,0.0,0.0,1.0,1.0,1.0
Qwen3-4B,star,framing_competitive_context[cheap_talk],framing_competitive_context,cheap_talk,sh,5,1.0,1.0,1.0,1.0,1.0,1.0,1.0,1.0,1.0,0.0,0.0,0.0,288.0,288.0,288.0,6.0,6.0,6.0,1.0,1.0,1.0,,,,0.0,0.0,0.0,1.0,1.0,1.0
Qwen3-4B,star,framing_competitive_context[no_comm],framing_competitive_context,no_comm,pd,5,0.06985116475903642,0.034015195791934544,0.1080562305823003,0.046753246753246755,0.0,0.10389610389610389,0.07507421864227892,0.03604451363662573,0.1219540473665606,-0.02832097188903218,-0.08172567488016146,0.039937709455545235,79.4,74.6,85.2,1.4875,1.4333333333333331,1.5583333333333333,0.9433381628513473,0.8943842364532019,0.9885714285714287,,,,0.1,0.08125,0.121875,0.0,0.0,0.0
Qwen3-4B,star,framing_competitive_context[no_comm],framing_competitive_context,no_comm,sh,5,0.8130515770249401,0.71271901590825,0.9193011879804333,0.8299450549450549,0.7346153846153847,0.9252747252747253,0.8082506729749571,0.7023076923076923,0.9170360551431601,0.021694381970097786,-0.03216470697912903,0.09161350844277676,138.8,80.6,197.20999999999998,2.966666666666667,1.8250000000000004,4.108333333333333,0.7877414489368949,0.6294871794871795,0.9107770155208484,,,,0.21875,0.11875,0.35,0.2625,0.05,0.475
Qwen3-4B,star,framing_team,framing_team,cheap_talk,pd,5,1.0,1.0,1.0,1.0,1.0,1.0,1.0,1.0,1.0,0.0,0.0,0.0,192.0,192.0,192.0,4.0,4.0,4.0,1.0,1.0,1.0,0.0,0.0,0.0,0.0,0.0,0.0,1.0,1.0,1.0
Qwen3-4B,star,framing_team,framing_team,cheap_talk,sh,5,1.0,1.0,1.0,1.0,1.0,1.0,1.0,1.0,1.0,0.0,0.0,0.0,288.0,288.0,288.0,6.0,6.0,6.0,1.0,1.0,1.0,,,,0.0,0.0,0.0,1.0,1.0,1.0
Qwen3-4B,star,framing_team_context[cheap_talk],framing_team_context,cheap_talk,pd,5,1.0,1.0,1.0,1.0,1.0,1.0,1.0,1.0,1.0,0.0,0.0,0.0,192.0,192.0,192.0,4.0,4.0,4.0,1.0,1.0,1.0,0.0,0.0,0.0,0.0,0.0,0.0,1.0,1.0,1.0
Qwen3-4B,star,framing_team_context[cheap_talk],framing_team_context,cheap_talk,sh,5,1.0,1.0,1.0,1.0,1.0,1.0,1.0,1.0,1.0,0.0,0.0,0.0,288.0,288.0,288.0,6.0,6.0,6.0,1.0,1.0,1.0,,,,0.0,0.0,0.0,1.0,1.0,1.0
Qwen3-4B,star,framing_team_context[no_comm],framing_team_context,no_comm,pd,5,0.962962962962963,0.888888888888889,1.0,0.9538461538461538,0.8615384615384615,1.0,0.9658536585365853,0.897560975609756,1.0,-0.012007504690431502,-0.03602251407129451,0.0,181.2,159.6,192.0,3.7541666666666673,3.2625,4.0,0.9882352941176471,0.9647058823529411,1.0,,,,0.03125,0.0,0.09375,0.9,0.7,1.0
Qwen3-4B,star,framing_team_context[no_comm],framing_team_context,no_comm,sh,5,0.9840757808499745,0.9713773681515617,0.9967741935483871,0.9616666666666667,0.9116666666666667,1.0,0.9915780141843971,0.9830673758865247,1.0,-0.02991134751773048,-0.07991134751773048,0.00861702127659566,274.0,263.4,284.4,5.620833333333333,5.324999999999999,5.916666666666666,0.9586580086580087,0.9086580086580087,0.9954545454545455,,,,0.0125,0.003125,0.021875,0.9,0.825,0.975
Qwen3-4B,star,no_comm,no_comm,no_comm,pd,5,0.036803856136447904,0.00967741935483871,0.0639302929180571,0.054551282051282055,0.0125,0.0966025641025641,0.03091787439613527,0.008695652173913044,0.05314009661835749,0.023633407655146786,0.002051282051282052,0.057137681159420285,86.4,79.8,92.60999999999999,1.9458333333333335,1.7916666666666667,2.1083333333333334,0.9213595706618962,0.8567441860465117,0.9846153846153847,,,,0.05625,0.040625,0.078125,0.0,0.0,0.0
Qwen3-4B,star,no_comm,no_comm,no_comm,sh,5,0.9552590420332356,0.9085923753665689,0.9967741935483871,0.9514285714285714,0.8942857142857144,1.0,0.9562659846547314,0.9127877237851661,0.9956521739130434,-0.004837413226160025,-0.020723419802703667,0.010690537084398977,209.8,160.8,259.6,4.345833333333333,3.3125,5.395833333333333,0.951641743387792,0.9035450481613538,0.9953488372093023,,,,0.13125,0.034296875000000004,0.240625,0.625,0.4125,0.8375
Qwen3-4B,star,no_sense,no_sense,cheap_talk,pd,5,0.921875,0.85,0.990625,0.9875,0.9625,1.0,0.9,0.8125,0.9875,0.0875,0.012500000000000022,0.175,178.4,165.8,190.2,4.154166666666667,4.025,4.329166666666667,0.9022222222222223,0.8177777777777777,0.9866666666666667,0.0,0.0,0.0,0.0,0.0,0.0,0.725,0.4875,0.9625
Qwen3-4B,star,no_sense,no_sense,cheap_talk,sh,5,1.0,1.0,1.0,1.0,1.0,1.0,1.0,1.0,1.0,0.0,0.0,0.0,288.0,288.0,288.0,6.0,6.0,6.0,1.0,1.0,1.0,,,,0.0,0.0,0.0,1.0,1.0,1.0
Qwen3-4B,star,silence,silence,cheap_talk,pd,5,0.7,0.4,1.0,0.675,0.35,1.0,0.7083333333333333,0.41666666666666663,1.0,-0.03333333333333333,-0.08333333333333333,0.0,168.8,145.6,192.0,3.35,2.7,4.0,0.9022222222222223,0.8044444444444444,1.0,,,,0.0,0.0,0.0,0.6125,0.225,1.0
Qwen3-4B,star,silence,silence,cheap_talk,sh,5,0.9875,0.9625,1.0,0.975,0.925,1.0,0.9916666666666666,0.975,1.0,-0.016666666666666673,-0.050000000000000024,0.0,283.6,274.8,288.0,5.858333333333333,5.575000000000001,6.0,0.9733333333333334,0.9199999999999999,1.0,,,,0.0,0.0,0.0,0.95,0.85,1.0
gemma-2-2b-it,cycle,baseline_cheap_talk,baseline_cheap_talk,cheap_talk,pd,5,0.9768719789956117,0.9607086197778953,0.9902168164992068,,,,,,,,,,,,,,,,,,,,,,0.05,0.025,0.08125,0.75,0.6375,0.8625
gemma-2-2b-it,cycle,baseline_cheap_talk,baseline_cheap_talk,cheap_talk,sh,5,0.3379789062917039,0.2566248561108245,0.4195336348219332,,,,,,,,,,,,,,,,,,,,,,0.078125,0.053125,0.10625,0.025,0.0,0.05
gemma-2-2b-it,cycle,counterfactual,counterfactual,cheap_talk,pd,5,0.04756944444444444,0.025297619047619048,0.07296626984126983,,,,,,,,,,,,,,,,,,,,,,0.0125,0.00625,0.015625,0.0,0.0,0.0
gemma-2-2b-it,cycle,counterfactual,counterfactual,cheap_talk,sh,5,0.3783695533563328,0.29419724173822537,0.5247823860727087,,,,,,,,,,,,,,,,,,,,,,0.0375,0.025,0.053125,0.0375,0.0,0.1125
gemma-2-2b-it,cycle,framing_business,framing_business,cheap_talk,pd,5,0.6433908558655552,0.5314095583787054,0.7511864406779661,,,,,,,,,,,,,,,,,,,,,,0.084375,0.071875,0.1,0.175,0.075,0.3125
gemma-2-2b-it,cycle,framing_business,framing_business,cheap_talk,sh,5,0.5646942797009387,0.48174863387978145,0.6592062609984255,,,,,,,,,,,,,,,,,,,,,,0.06875,0.05625,0.084375,0.0625,0.025,0.1
gemma-2-2b-it,cycle,framing_business_context[cheap_talk],framing_business_context,cheap_talk,pd,5,0.9898247597512719,0.976031656302996,1.0,,,,,,,,,,,,,,,,,,,,,,0.046875,0.03125,0.071875,0.8,0.7,0.875
gemma-2-2b-it,cycle,framing_business_context[cheap_talk],framing_business_context,cheap_talk,sh,5,0.5809687278724376,0.5411610752090634,0.6207763805358119,,,,,,,,,,,,,,,,,,,,,,0.053125,0.034375,0.071875,0.0,0.0,0.0
gemma-2-2b-it,cycle,framing_business_context[no_comm],framing_business_context,no_comm,pd,5,0.565625,0.321875,0.80625,,,,,,,,,,,,,,,,,,,,,,0.0,0.0,0.0,0.25,0.025,0.6
gemma-2-2b-it,cycle,framing_business_context[no_comm],framing_business_context,no_comm,sh,5,0.7384072580645161,0.6808467741935484,0.80625,,,,,,,,,,,,,,,,,,,,,,0.00625,0.0,0.01875,0.25,0.1,0.4125
gemma-2-2b-it,cycle,framing_competitive,framing_competitive,cheap_talk,pd,5,0.03395675043834016,0.0034482758620689655,0.07118644067796612,,,,,,,,,,,,,,,,,,,,,,0.08125,0.071875,0.090625,0.0,0.0,0.0
gemma-2-2b-it,cycle,framing_competitive,framing_competitive,cheap_talk,sh,5,0.15605397742111654,0.11874502820428738,0.18757898699459524,,,,,,,,,,,,,,,,,,,,,,0.05625,0.034375,0.078125,0.0125,0.0,0.0375
gemma-2-2b-it,cycle,framing_competitive_context[cheap_talk],framing_competitive_context,cheap_talk,pd,5,0.7943894638765078,0.4891591750396615,0.9873015873015873,,,,,,,,,,,,,,,,,,,,,,0.03125,0.01875,0.04375,0.5625,0.225,0.8375
gemma-2-2b-it,cycle,framing_competitive_context[cheap_talk],framing_competitive_context,cheap_talk,sh,5,0.25017351930195664,0.169169751454257,0.33941532258064516,,,,,,,,,,,,,,,,,,,,,,0.028125,0.0125,0.040625,0.0125,0.0,0.0375
gemma-2-2b-it,cycle,framing_competitive_context[no_comm],framing_competitive_context,no_comm,pd,5,0.3,0.112421875,0.5752343749999997,,,,,,,,,,,,,,,,,,,,,,0.0,0.0,0.0,0.125,0.0,0.375
gemma-2-2b-it,cycle,framing_competitive_context[no_comm],framing_competitive_context,no_comm,sh,5,0.4546626984126984,0.340625,0.5296626984126984,,,,,,,,,,,,,,,,,,,,,,0.003125,0.0,0.009375,0.05,0.0125,0.0875
gemma-2-2b-it,cycle,framing_team,framing_team,cheap_talk,pd,5,0.9734126984126984,0.951984126984127,0.9936507936507937,,,,,,,,,,,,,,,,,,,,,,0.05,0.015625,0.09375,0.775,0.65,0.875
gemma-2-2b-it,cycle,framing_team,framing_team,cheap_talk,sh,5,0.27889346657596453,0.18971170152628605,0.3691817650496786,,,,,,,,,,,,,,,,,,,,,,0.075,0.059375,0.090625,0.0125,0.0,0.0375
gemma-2-2b-it,cycle,framing_team_context[cheap_talk],framing_team_context,cheap_talk,pd,5,0.9903158602150537,0.983763440860215,0.996875,,,,,,,,,,,,,,,,,,,,,,0.034375,0.0125,0.05625,0.8625,0.8,0.925
gemma-2-2b-it,cycle,framing_team_context[cheap_talk],framing_team_context,cheap_talk,sh,5,0.4636504781529308,0.2972274684596208,0.6267114188807236,,,,,,,,,,,,,,,,,,,,,,0.05625,0.028125,0.084375,0.0125,0.0,0.0375
gemma-2-2b-it,cycle,framing_team_context[no_comm],framing_team_context,no_comm,pd,5,0.9875,0.971796875,1.0,,,,,,,,,,,,,,,,,,,,,,0.0,0.0,0.0,0.95,0.8871875,1.0
gemma-2-2b-it,cycle,framing_team_context[no_comm],framing_team_context,no_comm,sh,5,0.90625,0.8875,0.925,,,,,,,,,,,,,,,,,,,,,,0.0,0.0,0.0,0.7,0.6375,0.7625
gemma-2-2b-it,cycle,no_comm,no_comm,no_comm,pd,5,0.178125,0.1125,0.253125,,,,,,,,,,,,,,,,,,,,,,0.0,0.0,0.0,0.025,0.0,0.075
gemma-2-2b-it,cycle,no_comm,no_comm,no_comm,sh,5,0.5830357142857142,0.48303571428571423,0.65625,,,,,,,,,,,,,,,,,,,,,,0.003125,0.0,0.009375,0.0875,0.0375,0.15
gemma-2-2b-it,cycle,no_sense,no_sense,cheap_talk,pd,5,0.14230256691965903,0.08082332761578044,0.2093736383442266,,,,,,,,,,,,,,,,,,,,,,0.165625,0.15,0.184375,0.0,0.0,0.0
gemma-2-2b-it,cycle,no_sense,no_sense,cheap_talk,sh,5,0.46115027829313543,0.4098775510204081,0.5291502782931354,,,,,,,,,,,,,,,,,,,,,,0.20625,0.171875,0.228125,0.025,0.0,0.05
gemma-2-2b-it,cycle,silence,silence,cheap_talk,pd,5,0.07543284926263649,0.01455026455026455,0.1619070133963751,,,,,,,,,,,,,,,,,,,,,,0.209375,0.15617187500000002,0.2625,0.0,0.0,0.0
gemma-2-2b-it,cycle,silence,silence,cheap_talk,sh,5,0.6326666666666666,0.5429999999999999,0.7416666666666666,,,,,,,,,,,,,,,,,,,,,,0.646875,0.509375,0.775,0.0,0.0,0.0
gemma-2-2b-it,star,baseline_cheap_talk,baseline_cheap_talk,cheap_talk,pd,5,0.9796610169491526,0.9389830508474576,1.0,0.975,0.925,1.0,0.9813953488372092,0.9441860465116279,1.0,-0.006395348837209292,-0.019186046511627874,0.0,174.4,172.8,176.0,3.5916666666666663,3.4912499999999995,3.6666666666666665,0.97,0.9099999999999999,1.0,0.0,0.0,0.0,0.05,0.034375,0.065625,0.7875,0.6496875000000001,0.875
gemma-2-2b-it,star,baseline_cheap_talk,baseline_cheap_talk,cheap_talk,sh,5,0.2258958317391559,0.14609668531351758,0.30569497816479424,0.10083333333333333,0.0125,0.23833333333333334,0.27060300412106447,0.13589132292744366,0.4053146853146853,-0.16976967078773114,-0.3803146853146854,0.09129515091538844,103.6,91.19,120.0,1.7833333333333332,1.3833333333333333,2.2958333333333334,0.6788122150770708,0.5797396313364055,0.8096728307254623,,,,0.08125,0.040625,0.128125,0.0125,0.0,0.0375
gemma-2-2b-it,star,counterfactual,counterfactual,cheap_talk,pd,5,0.06454599018497405,0.029138022210470647,0.11157485266375163,0.02857142857142857,0.0,0.08571428571428572,0.07654939342437997,0.03857539315448658,0.12020406287342586,-0.0479779648529514,-0.07193675889328063,-0.025364726274736394,97.0,93.0,100.0,1.75,1.6875,1.8125,0.936744642628225,0.9054752927830236,0.9707317073170731,0.3027380952380952,0.15042857142857144,0.47607142857142853,0.059375,0.034375,0.0875,0.0,0.0,0.0
gemma-2-2b-it,star,counterfactual,counterfactual,cheap_talk,sh,5,0.44378235292360185,0.3674549180327868,0.5288809914342992,0.5041666666666667,0.3761904761904762,0.6321428571428571,0.4229951690821256,0.35246376811594204,0.5089855072463767,0.08117149758454106,-0.00547964113181505,0.16782263630089717,132.8,120.0,146.4,2.979166666666667,2.525,3.5,0.5541575339984153,0.5327617602302424,0.5876447876447877,,,,0.05625,0.040625,0.06875,0.0375,0.0,0.0875
gemma-2-2b-it,star,framing_business,framing_business,cheap_talk,pd,5,0.6382991059024332,0.4886563231850117,0.7879418886198548,0.46988095238095234,0.225,0.7464285714285714,0.6978472547617286,0.5580805527468824,0.8249327973562849,-0.22796630238077623,-0.40233916578296214,-0.05334848255314849,168.2,154.4,181.405,2.4208333333333334,1.8375,3.0209375,0.6145321637426902,0.48836330409356726,0.7513742690058478,0.18178571428571427,0.10523809523809524,0.2658333333333333,0.0625,0.025,0.1,0.225,0.0875,0.4
gemma-2-2b-it,star,framing_business,framing_business,cheap_talk,sh,5,0.5860919540229885,0.45,0.7110344827586207,0.5547710622710624,0.29821428571428565,0.7180952380952381,0.5932454984628898,0.44384881422924904,0.7088888888888889,-0.0384744361918275,-0.28235021500238894,0.16197330447330444,144.6,125.0,164.2,2.9875,2.166666666666667,3.541666666666667,0.4994624536087951,0.4549995291458706,0.5548717948717948,,,,0.075,0.0625,0.0875,0.0375,0.0,0.0875
gemma-2-2b-it,star,framing_business_context[cheap_talk],framing_business_context,cheap_talk,pd,5,0.9539890710382514,0.8818005464480874,1.0,0.85,0.55,1.0,0.990909090909091,0.9727272727272727,1.0,-0.14090909090909093,-0.45,0.027272727272727247,182.8,159.2,216.8,3.1416666666666666,2.3583333333333334,3.6833333333333327,0.8332171893147503,0.514163763066202,1.0,0.025,0.0,0.075,0.06875,0.05,0.0875,0.6375,0.4125,0.775
gemma-2-2b-it,star,framing_business_context[cheap_talk],framing_business_context,cheap_talk,sh,5,0.7092351289792892,0.5625192012288787,0.8683908045977011,0.6916666666666667,0.355,0.9866666666666667,0.716129678776883,0.6054846335697399,0.8590009446268724,-0.024463012110216464,-0.28970449172576834,0.2516441005802708,184.4,162.6,211.8,3.7416666666666663,2.575,4.783333333333333,0.6523744270855951,0.514090909090909,0.8183214059818676,,,,0.059375,0.028125,0.0875,0.2125,0.025,0.4625
gemma-2-2b-it,star,framing_business_context[no_comm],framing_business_context,no_comm,pd,5,0.3607638888888889,0.2524801587301587,0.465625,0.2891666666666667,0.15333333333333332,0.425,0.3841312056737588,0.26906028368794327,0.4752083333333331,-0.0949645390070922,-0.17333333333333334,-0.020833333333333325,144.0,130.8,156.405,2.5625000000000004,2.1833333333333336,2.979166666666667,0.7152669552669553,0.6447619047619048,0.7981818181818182,,,,0.00625,0.0,0.0125,0.1,0.0375,0.1625
gemma-2-2b-it,star,framing_business_context[no_comm],framing_business_context,no_comm,sh,5,0.7927579365079366,0.7313988095238096,0.84375,0.8458333333333332,0.7,0.9875,0.775,0.7291666666666667,0.8083333333333332,0.07083333333333333,-0.08333333333333334,0.19166666666666668,221.8,200.6,237.8,4.833333333333333,4.083333333333334,5.529166666666667,0.692063492063492,0.5866666666666667,0.7911111111111111,,,,0.003125,0.0,0.009375,0.3375,0.1875,0.4375
gemma-2-2b-it,star,framing_competitive,framing_competitive,cheap_talk,pd,5,0.07561403508771929,0.03,0.12285526315789468,0.014285714285714285,0.0,0.04285714285714286,0.09539112050739958,0.04,0.14801268498942916,-0.0811054062216853,-0.10877076411960133,-0.04,96.2,90.4,100.4,1.6708333333333332,1.5958333333333334,1.7416666666666667,0.8923232323232323,0.8012121212121212,0.967878787878788,0.0,0.0,0.0,0.08125,0.0625,0.1,0.0,0.0,0.0
gemma-2-2b-it,star,framing_competitive,framing_competitive,cheap_talk,sh,5,0.22683120790257832,0.11186440677966103,0.3553477498538866,0.046153846153846156,0.0,0.10769230769230771,0.282512077294686,0.11304347826086955,0.46222222222222226,-0.23635823114083981,-0.46222222222222226,-0.01625938312894845,96.6,81.4,111.61999999999998,1.4875000000000003,1.2708333333333335,1.6958333333333335,0.7151808910775912,0.5587420993446818,0.8404591104734577,,,,0.075,0.059375,0.0875,0.0,0.0,0.0
gemma-2-2b-it,star,framing_competitive_context[cheap_talk],framing_competitive_context,cheap_talk,pd,5,0.815832246849196,0.5344198174706649,0.9966666666666667,0.775,0.475,1.0,0.8338950679698911,0.5591731266149871,0.9956521739130434,-0.05889506796989101,-0.16879844961240306,0.008695652173913038,158.0,139.4,171.6,3.020833333333333,2.4458333333333333,3.5916666666666663,0.8540909090909091,0.6722727272727272,1.0,0.025,0.0,0.05,0.0875,0.05625,0.140625,0.5,0.1875,0.775
gemma-2-2b-it,star,framing_competitive_context[cheap_talk],framing_competitive_context,cheap_talk,sh,5,0.4047273613749896,0.2612374405076679,0.515545438699027,0.24083333333333332,0.025,0.5408333333333333,0.45801660983663,0.306873078612209,0.5847780126849894,-0.21718327650329675,-0.5116994362226921,0.1173999309868875,129.4,117.6,138.6,2.1958333333333333,1.4119791666666666,3.1625000000000005,0.5862509583439816,0.4588806542294915,0.7182724252491695,,,,0.071875,0.046875,0.09375,0.0375,0.0,0.0875
gemma-2-2b-it,star,framing_competitive_context[no_comm],framing_competitive_context,no_comm,pd,5,0.325,0.1125,0.65625,0.325,0.0875,0.675,0.32500000000000007,0.125,0.6541666666666667,-5.551115123125783e-18,-0.0625,0.062499999999999986,130.6,112.165,159.4,2.7208333333333337,2.1416666666666666,3.4375,0.8711111111111112,0.8177777777777777,0.9288888888888888,,,,0.0,0.0,0.0,0.2,0.0125,0.5375
gemma-2-2b-it,star,framing_competitive_context[no_comm],framing_competitive_context,no_comm,sh,5,0.56875,0.4875,0.653125,0.5375,0.375,0.7375,0.5791666666666667,0.4833333333333334,0.7,-0.04166666666666667,-0.24583333333333335,0.2208333333333333,172.6,156.8,190.8,3.4708333333333337,2.8916666666666666,4.1625,0.4622222222222222,0.39977777777777773,0.5111111111111111,,,,0.0,0.0,0.0,0.1125,0.025,0.2
gemma-2-2b-it,star,framing_team,framing_team,cheap_talk,pd,5,0.9858129315756434,0.9743879472693031,0.9966101694915255,0.9875,0.9625,1.0,0.985746943115364,0.9759383306751728,0.9955555555555555,0.0017530568846358286,-0.01726608187134504,0.018080808080808076,161.8,155.6,167.4,3.4125,3.2708333333333335,3.5166666666666666,0.9782051282051283,0.961111111111111,0.9948717948717949,0.0,0.0,0.0,0.090625,0.06875,0.125,0.7125,0.6375,0.7875
gemma-2-2b-it,star,framing_team,framing_team,cheap_talk,sh,5,0.1875589397221868,0.13916146297948256,0.23630721400960022,0.13743589743589743,0.03076923076923077,0.2615384615384615,0.20373502466525722,0.15151515151515152,0.2645912614517266,-0.0662991272293598,-0.17078115682766842,0.08848484848484847,95.4,89.6,101.8,1.8125,1.5416666666666665,2.0916666666666663,0.7854377943462134,0.7012494014191806,0.8696734582880095,,,,0.1,0.084375,0.115625,0.0,0.0,0.0
gemma-2-2b-it,star,framing_team_context[cheap_talk],framing_team_context,cheap_talk,pd,5,0.9864878113157747,0.9759205143191118,0.9967741935483871,0.9875,0.9625,1.0,0.986349848331648,0.9677451971688574,1.0,0.001150151668351862,-0.033260869565217385,0.03225480283114255,169.8,158.8,180.2,3.5791666666666666,3.3666666666666663,3.7958333333333334,0.9799434318038969,0.9645945945945946,0.9953488372093023,0.0125,0.0,0.0375,0.06875,0.040625,0.096875,0.7875,0.7,0.8625
gemma-2-2b-it,star,framing_team_context[cheap_talk],framing_team_context,cheap_talk,sh,5,0.7303131407947324,0.6192118226600984,0.821003937355439,0.5546794871794872,0.19384615384615383,0.9166586538461535,0.7900712980302791,0.6047189819724285,0.9348751156336725,-0.23539181085079192,-0.7169374476068818,0.24298094767109854,177.6,135.6,210.0,2.95,1.4791666666666667,4.470833333333333,0.38191872643485547,0.14266862170087974,0.6502304147465438,,,,0.06875,0.028125,0.11875,0.1125,0.0,0.2625
gemma-2-2b-it,star,framing_team_context[no_comm],framing_team_context,no_comm,pd,5,0.975,0.940625,0.996875,1.0,1.0,1.0,0.9666666666666666,0.9208333333333332,0.9958333333333332,0.03333333333333335,0.004166666666666674,0.07916666666666668,187.2,180.6,191.4,4.066666666666667,4.008333333333334,4.158333333333333,0.968888888888889,0.9288888888888888,0.9955555555555555,,,,0.0,0.0,0.0,0.9,0.7625,0.9875
gemma-2-2b-it,star,framing_team_context[no_comm],framing_team_context,no_comm,sh,5,0.8018849206349206,0.6962797619047619,0.865625,0.85,0.7125,0.9625,0.7856382978723404,0.6652482269503547,0.8584375,0.06436170212765957,-0.09583333333333333,0.17455673758865248,228.6,197.2,247.4,4.95,4.358333333333333,5.533333333333333,0.7317171717171717,0.6662626262626262,0.7955555555555556,,,,0.003125,0.0,0.009375,0.475,0.2875,0.5875
gemma-2-2b-it,star,no_comm,no_comm,no_comm,pd,5,0.6746527777777778,0.346875,0.9215277777777778,0.7375,0.3625,1.0,0.6535460992907802,0.3416666666666667,0.8952127659574467,0.08395390070921985,0.0006050531914893539,0.1470744680851064,156.8,133.0,176.2,3.6833333333333327,2.875,4.2333333333333325,0.8081818181818182,0.6622222222222222,0.9104040404040404,,,,0.003125,0.0,0.009375,0.4375,0.125,0.75
gemma-2-2b-it,star,no_comm,no_comm,no_comm,sh,5,0.6475409836065574,0.553125,0.7107069672131148,0.8196428571428571,0.7713839285714285,0.8821428571428571,0.5905141843971631,0.475,0.675709219858156,0.22912867274569404,0.1370725683890577,0.3166666666666667,181.0,157.4,196.2,4.433333333333333,4.095833333333333,4.808333333333333,0.5972649572649573,0.5244444444444445,0.6977777777777778,,,,0.009375,0.0,0.028125,0.2125,0.0875,0.325
gemma-2-2b-it,star,no_sense,no_sense,cheap_talk,pd,5,0.2614078409513192,0.16707606837606837,0.3557729468599034,0.23693223443223443,0.09576923076923077,0.3757142857142858,0.27233660130718956,0.18805555555555556,0.35882352941176465,-0.03540436687495511,-0.15162393162393162,0.05299719887955182,78.8,70.0,85.6,1.5166666666666666,1.2916666666666667,1.754375,0.643073593073593,0.5891179653679653,0.7166666666666667,0.0,0.0,0.0,0.246875,0.2125,0.27820312499999994,0.0,0.0,0.0
gemma-2-2b-it,star,no_sense,no_sense,cheap_talk,sh,5,0.36772650702793197,0.24977777777777774,0.48951406649616375,0.3180652680652681,0.16666666666666669,0.465034965034965,0.3815484784676056,0.23755387657826685,0.5119564236894147,-0.06348321040233748,-0.2201690805638174,0.103775086701916,73.8,61.6,85.0,1.4999999999999998,1.2458333333333331,1.8125,0.6019656862745097,0.5305147058823529,0.6734166666666667,,,,0.21875,0.18125,0.253125,0.025,0.0,0.05
gemma-2-2b-it,star,silence,silence,cheap_talk,pd,5,0.038726414982572614,0.010532915360501566,0.08400230311560361,0.03,0.0,0.06333333333333332,0.04135184949138438,0.009779367918902802,0.09075474075474076,-0.011351849491384377,-0.035638505638505645,0.02091830649970185,71.0,65.6,76.60999999999999,1.5,1.3666666666666667,1.7041666666666664,0.9256635318704284,0.8351724137931035,0.9939393939393939,,,,0.15,0.1125,0.196875,0.0,0.0,0.0
gemma-2-2b-it,star,silence,silence,cheap_talk,sh,5,0.5898416335916336,0.4814608828671329,0.698976248976249,0.26462703962703965,0.05,0.5062937062937063,0.6916305916305916,0.5638023088023086,0.861111111111111,-0.42700355200355206,-0.6981990231990233,-0.1558080808080808,63.4,35.2,91.8,0.8583333333333334,0.4041666666666667,1.3750000000000002,0.3880018674136322,0.19920634920634922,0.5775910364145658,,,,0.45,0.334375,0.540625,0.0,0.0,0.0
gemma-2-9b-it,cycle,baseline_cheap_talk,baseline_cheap_talk,cheap_talk,pd,5,1.0,1.0,1.0,,,,,,,,,,,,,,,,,,,,,,0.0,0.0,0.0,1.0,1.0,1.0
gemma-2-9b-it,cycle,baseline_cheap_talk,baseline_cheap_talk,cheap_talk,sh,5,0.94375,0.83125,1.0,,,,,,,,,,,,,,,,,,,,,,0.0,0.0,0.0,0.825,0.475,1.0
gemma-2-9b-it,cycle,counterfactual,counterfactual,cheap_talk,pd,5,0.984375,0.971875,0.996875,,,,,,,,,,,,,,,,,,,,,,0.0,0.0,0.0,0.9375,0.8875,0.9875
gemma-2-9b-it,cycle,counterfactual,counterfactual,cheap_talk,sh,5,0.6268353174603175,0.500545634920635,0.7612103174603175,,,,,,,,,,,,,,,,,,,,,,0.003125,0.0,0.009375,0.225,0.125,0.3375
gemma-2-9b-it,cycle,framing_business,framing_business,cheap_talk,pd,5,1.0,1.0,1.0,,,,,,,,,,,,,,,,,,,,,,0.0,0.0,0.0,1.0,1.0,1.0
gemma-2-9b-it,cycle,framing_business,framing_business,cheap_talk,sh,5,0.99375,0.9875,1.0,,,,,,,,,,,,,,,,,,,,,,0.0,0.0,0.0,0.975,0.95,1.0
gemma-2-9b-it,cycle,framing_business_context[cheap_talk],framing_business_context,cheap_talk,pd,5,1.0,1.0,1.0,,,,,,,,,,,,,,,,,,,,,,0.0,0.0,0.0,1.0,1.0,1.0
gemma-2-9b-it,cycle,framing_business_context[cheap_talk],framing_business_context,cheap_talk,sh,5,1.0,1.0,1.0,,,,,,,,,,,,,,,,,,,,,,0.0,0.0,0.0,1.0,1.0,1.0
gemma-2-9b-it,cycle,framing_business_context[no_comm],framing_business_context,no_comm,pd,5,0.065625,0.03125,0.10625,,,,,,,,,,,,,,,,,,,,,,0.0,0.0,0.0,0.0,0.0,0.0
gemma-2-9b-it,cycle,framing_business_context[no_comm],framing_business_context,no_comm,sh,5,0.984375,0.9625,1.0,,,,,,,,,,,,,,,,,,,,,,0.0,0.0,0.0,0.9375,0.85,1.0
gemma-2-9b-it,cycle,framing_competitive,framing_competitive,cheap_talk,pd,5,0.00625,0.0,0.01875,,,,,,,,,,,,,,,,,,,,,,0.0,0.0,0.0,0.0,0.0,0.0
gemma-2-9b-it,cycle,framing_competitive,framing_competitive,cheap_talk,sh,5,0.6077380952380953,0.47648809523809527,0.7389880952380953,,,,,,,,,,,,,,,,,,,,,,0.003125,0.0,0.009375,0.275,0.1375,0.45
gemma-2-9b-it,cycle,framing_competitive_context[cheap_talk],framing_competitive_context,cheap_talk,pd,5,1.0,1.0,1.0,,,,,,,,,,,,,,,,,,,,,,0.0,0.0,0.0,1.0,1.0,1.0
gemma-2-9b-it,cycle,framing_competitive_context[cheap_talk],framing_competitive_context,cheap_talk,sh,5,0.9016369047619047,0.7111607142857143,1.0,,,,,,,,,,,,,,,,,,,,,,0.003125,0.0,0.009375,0.7875,0.3875,1.0
gemma-2-9b-it,cycle,framing_competitive_context[no_comm],framing_competitive_context,no_comm,pd,5,0.009375,0.0,0.021875,,,,,,,,,,,,,,,,,,,,,,0.0,0.0,0.0,0.0,0.0,0.0
gemma-2-9b-it,cycle,framing_competitive_context[no_comm],framing_competitive_context,no_comm,sh,5,0.96875,0.95625,0.98125,,,,,,,,,,,,,,,,,,,,,,0.0,0.0,0.0,0.875,0.825,0.925
gemma-2-9b-it,cycle,framing_team,framing_team,cheap_talk,pd,5,1.0,1.0,1.0,,,,,,,,,,,,,,,,,,,,,,0.0,0.0,0.0,1.0,1.0,1.0
gemma-2-9b-it,cycle,framing_team,framing_team,cheap_talk,sh,5,1.0,1.0,1.0,,,,,,,,,,,,,,,,,,,,,,0.0,0.0,0.0,1.0,1.0,1.0
gemma-2-9b-it,cycle,framing_team_context[cheap_talk],framing_team_context,cheap_talk,pd,5,1.0,1.0,1.0,,,,,,,,,,,,,,,,,,,,,,0.0,0.0,0.0,1.0,1.0,1.0
gemma-2-9b-it,cycle,framing_team_context[cheap_talk],framing_team_context,cheap_talk,sh,5,0.996875,0.990625,1.0,,,,,,,,,,,,,,,,,,,,,,0.0,0.0,0.0,0.9875,0.9625,1.0
gemma-2-9b-it,cycle,framing_team_context[no_comm],framing_team_context,no_comm,pd,5,0.640625,0.271875,1.0,,,,,,,,,,,,,,,,,,,,,,0.0,0.0,0.0,0.6,0.2,1.0
gemma-2-9b-it,cycle,framing_team_context[no_comm],framing_team_context,no_comm,sh,5,0.990625,0.978125,1.0,,,,,,,,,,,,,,,,,,,,,,0.0,0.0,0.0,0.975,0.95,1.0
gemma-2-9b-it,cycle,no_comm,no_comm,no_comm,pd,5,0.27842261904761906,0.08809523809523809,0.6381584821428572,,,,,,,,,,,,,,,,,,,,,,0.00625,0.0,0.0125,0.1875,0.0,0.5625
gemma-2-9b-it,cycle,no_comm,no_comm,no_comm,sh,5,0.996875,0.990625,1.0,,,,,,,,,,,,,,,,,,,,,,0.0,0.0,0.0,0.9875,0.9625,1.0
gemma-2-9b-it,cycle,no_sense,no_sense,cheap_talk,pd,5,0.228125,0.109375,0.4125,,,,,,,,,,,,,,,,,,,,,,0.0,0.0,0.0,0.05,0.0,0.15
gemma-2-9b-it,cycle,no_sense,no_sense,cheap_talk,sh,5,0.921875,0.8125,0.996875,,,,,,,,,,,,,,,,,,,,,,0.0,0.0,0.0,0.725,0.3625,0.9875
gemma-2-9b-it,cycle,silence,silence,cheap_talk,pd,5,0.559375,0.2125,0.90625,,,,,,,,,,,,,,,,,,,,,,0.0,0.0,0.0,0.475,0.1,0.85
gemma-2-9b-it,cycle,silence,silence,cheap_talk,sh,5,0.98125,0.95,1.0,,,,,,,,,,,,,,,,,,,,,,0.0,0.0,0.0,0.9375,0.8375,1.0
gemma-2-9b-it,star,baseline_cheap_talk,baseline_cheap_talk,cheap_talk,pd,10,1.0,1.0,1.0,1.0,1.0,1.0,1.0,1.0,1.0,0.0,0.0,0.0,192.0,192.0,192.0,4.0,4.0,4.0,1.0,1.0,1.0,0.0,0.0,0.0,0.0,0.0,0.0,1.0,1.0,1.0
gemma-2-9b-it,star,baseline_cheap_talk,baseline_cheap_talk,cheap_talk,sh,10,0.9984375,0.9953125,1.0,1.0,1.0,1.0,0.9979166666666666,0.9937499999999998,1.0,0.002083333333333337,0.0,0.006250000000000011,287.5,286.5,288.0,5.995833333333333,5.9875,6.0,1.0,1.0,1.0,,,,0.0,0.0,0.0,0.99375,0.98125,1.0
gemma-2-9b-it,star,counterfactual,counterfactual,cheap_talk,pd,5,0.78125,0.675,0.8625,0.9125,0.825,0.9875,0.7374999999999999,0.6166666666666666,0.8333333333333334,0.17500000000000002,0.09562500000000004,0.2375,160.2,148.8,171.62999999999997,4.2125,4.004166666666666,4.4,0.7288888888888889,0.6711111111111112,0.7866666666666665,0.075,0.0125,0.16281249999999972,0.0,0.0,0.0,0.475,0.3,0.625
gemma-2-9b-it,star,counterfactual,counterfactual,cheap_talk,sh,5,0.726388888888889,0.5635416666666666,0.871875,0.9208333333333332,0.7996875,1.0,0.6625,0.4916666666666666,0.8291666666666666,0.25833333333333336,0.17072916666666668,0.3708333333333334,203.8,155.2,247.0,5.020833333333334,4.214270833333334,5.658333333333333,0.6358730158730159,0.4447619047619048,0.8266666666666665,,,,0.003125,0.0,0.009375,0.4125,0.1875,0.6375
gemma-2-9b-it,star,framing_business,framing_business,cheap_talk,pd,5,1.0,1.0,1.0,1.0,1.0,1.0,1.0,1.0,1.0,0.0,0.0,0.0,192.0,192.0,192.0,4.0,4.0,4.0,1.0,1.0,1.0,0.0,0.0,0.0,0.0,0.0,0.0,1.0,1.0,1.0
gemma-2-9b-it,star,framing_business,framing_business,cheap_talk,sh,5,0.953125,0.878125,1.0,1.0,1.0,1.0,0.9375,0.8375,1.0,0.0625,0.0,0.1625,273.0,249.0,288.0,5.875,5.675,6.0,0.9466666666666667,0.8488888888888889,1.0,,,,0.0,0.0,0.0,0.8625,0.6375,1.0
gemma-2-9b-it,star,framing_business_context[cheap_talk],framing_business_context,cheap_talk,pd,5,1.0,1.0,1.0,1.0,1.0,1.0,1.0,1.0,1.0,0.0,0.0,0.0,192.0,192.0,192.0,4.0,4.0,4.0,1.0,1.0,1.0,0.0,0.0,0.0,0.0,0.0,0.0,1.0,1.0,1.0
gemma-2-9b-it,star,framing_business_context[cheap_talk],framing_business_context,cheap_talk,sh,5,0.996875,0.990625,1.0,1.0,1.0,1.0,0.9958333333333332,0.9875,1.0,0.004166666666666674,0.0,0.012500000000000022,287.0,285.0,288.0,5.991666666666666,5.975,6.0,1.0,1.0,1.0,,,,0.0,0.0,0.0,0.9875,0.9625,1.0
gemma-2-9b-it,star,framing_business_context[no_comm],framing_business_context,no_comm,pd,5,0.09697420634920635,0.02509920634920635,0.17509920634920634,0.075,0.0,0.15,0.10416666666666667,0.03333333333333333,0.18333333333333332,-0.029166666666666664,-0.041666666666666664,-0.0125,109.6,100.0,120.4,2.1375,1.9125,2.375,0.9152380952380952,0.8133333333333332,0.9952380952380953,,,,0.003125,0.0,0.009375,0.0,0.0,0.0
gemma-2-9b-it,star,framing_business_context[no_comm],framing_business_context,no_comm,sh,5,1.0,1.0,1.0,1.0,1.0,1.0,1.0,1.0,1.0,0.0,0.0,0.0,288.0,288.0,288.0,6.0,6.0,6.0,1.0,1.0,1.0,,,,0.0,0.0,0.0,1.0,1.0,1.0
gemma-2-9b-it,star,framing_competitive,framing_competitive,cheap_talk,pd,5,0.01875,0.009375,0.028125,0.0125,0.0,0.0375,0.020833333333333332,0.008333333333333333,0.03333333333333333,-0.008333333333333331,-0.029166666666666667,0.020833333333333336,99.4,97.0,101.8,2.0291666666666663,1.9708333333333332,2.133333333333333,0.9866666666666667,0.96,1.0,0.2625,0.2,0.325,0.0,0.0,0.0,0.0,0.0,0.0
gemma-2-9b-it,star,framing_competitive,framing_competitive,cheap_talk,sh,5,0.6076884920634921,0.5153769841269842,0.70625,0.6125,0.4625,0.8125,0.6061170212765957,0.5122340425531914,0.7125,0.006382978723404253,-0.17916666666666667,0.1855496453900709,180.6,157.8,203.4,3.7875,3.125,4.666666666666667,0.5223232323232323,0.39787878787878783,0.6578358585858586,,,,0.003125,0.0,0.009375,0.175,0.075,0.275
gemma-2-9b-it,star,framing_competitive_context[cheap_talk],framing_competitive_context,cheap_talk,pd,5,1.0,1.0,1.0,1.0,1.0,1.0,1.0,1.0,1.0,0.0,0.0,0.0,192.0,192.0,192.0,4.0,4.0,4.0,1.0,1.0,1.0,0.0,0.0,0.0,0.0,0.0,0.0,1.0,1.0,1.0
gemma-2-9b-it,star,framing_competitive_context[cheap_talk],framing_competitive_context,cheap_talk,sh,5,0.984375,0.971875,0.996875,1.0,1.0,1.0,0.9791666666666667,0.9625,0.9958333333333332,0.020833333333333325,0.004166666666666674,0.03749999999999998,283.0,279.0,287.0,5.958333333333334,5.925000000000001,5.991666666666666,0.9866666666666667,0.968888888888889,1.0,,,,0.0,0.0,0.0,0.9375,0.8875,0.9875
gemma-2-9b-it,star,framing_competitive_context[no_comm],framing_competitive_context,no_comm,pd,5,0.028125,0.0125,0.04375,0.0125,0.0,0.0375,0.03333333333333333,0.0125,0.05,-0.020833333333333332,-0.04583333333333333,0.004166666666666668,101.8,98.4,105.6,2.0166666666666666,1.9541666666666664,2.1166666666666663,0.9822222222222223,0.9466666666666665,1.0,,,,0.0,0.0,0.0,0.0,0.0,0.0
gemma-2-9b-it,star,framing_competitive_context[no_comm],framing_competitive_context,no_comm,sh,5,0.59375,0.328125,0.859375,0.5875,0.2875,0.8875,0.5958333333333334,0.3416666666666667,0.85,-0.008333333333333349,-0.05416666666666666,0.037499999999999964,189.2,129.4,249.6,3.916666666666667,2.520833333333333,5.312500000000001,0.8,0.6711111111111111,0.9245555555555555,,,,0.0,0.0,0.0,0.3625,0.0125,0.7125
gemma-2-9b-it,star,framing_team,framing_team,cheap_talk,pd,5,1.0,1.0,1.0,1.0,1.0,1.0,1.0,1.0,1.0,0.0,0.0,0.0,192.0,192.0,192.0,4.0,4.0,4.0,1.0,1.0,1.0,0.0,0.0,0.0,0.0,0.0,0.0,1.0,1.0,1.0
gemma-2-9b-it,star,framing_team,framing_team,cheap_talk,sh,5,0.809375,0.428125,1.0,0.8125,0.4375,1.0,0.8083333333333332,0.425,1.0,0.0041666666666666675,0.0,0.0125,249.8,173.4,288.0,5.216666666666667,3.65,6.0,0.9866666666666667,0.96,1.0,,,,0.0,0.0,0.0,0.8,0.4,1.0
gemma-2-9b-it,star,framing_team_context[cheap_talk],framing_team_context,cheap_talk,pd,5,1.0,1.0,1.0,1.0,1.0,1.0,1.0,1.0,1.0,0.0,0.0,0.0,192.0,192.0,192.0,4.0,4.0,4.0,1.0,1.0,1.0,0.0,0.0,0.0,0.0,0.0,0.0,1.0,1.0,1.0
gemma-2-9b-it,star,framing_team_context[cheap_talk],framing_team_context,cheap_talk,sh,5,1.0,1.0,1.0,1.0,1.0,1.0,1.0,1.0,1.0,0.0,0.0,0.0,288.0,288.0,288.0,6.0,6.0,6.0,1.0,1.0,1.0,,,,0.0,0.0,0.0,1.0,1.0,1.0
gemma-2-9b-it,star,framing_team_context[no_comm],framing_team_context,no_comm,pd,5,1.0,1.0,1.0,1.0,1.0,1.0,1.0,1.0,1.0,0.0,0.0,0.0,192.0,192.0,192.0,4.0,4.0,4.0,1.0,1.0,1.0,,,,0.0,0.0,0.0,1.0,1.0,1.0
gemma-2-9b-it,star,framing_team_context[no_comm],framing_team_context,no_comm,sh,5,0.990625,0.971875,1.0,0.9875,0.9625,1.0,0.9916666666666668,0.975,1.0,-0.004166666666666674,-0.012500000000000022,0.0,284.8,278.4,288.0,5.920833333333333,5.762500000000001,6.0,0.9866666666666667,0.96,1.0,,,,0.0,0.0,0.0,0.9625,0.8875,1.0
gemma-2-9b-it,star,no_comm,no_comm,no_comm,pd,10,0.0796875,0.05,0.109375,0.08125,0.05625,0.10625,0.07916666666666666,0.04583333333333333,0.1125,0.0020833333333333355,-0.016666666666666663,0.020833333333333336,105.7,100.8,110.3025,2.2125,2.141666666666667,2.2666666666666666,0.9422222222222223,0.9244444444444445,0.9622222222222222,,,,0.0,0.0,0.0,0.0,0.0,0.0
gemma-2-9b-it,star,no_comm,no_comm,no_comm,sh,10,0.9296875,0.8171875,0.99375,0.925,0.8,1.0,0.93125,0.8229166666666666,0.9958333333333333,-0.006249999999999994,-0.03333333333333332,0.018750000000000017,269.7,242.1925,286.2,5.6000000000000005,4.972864583333333,5.9625,0.9377777777777778,0.8533333333333333,0.9933333333333334,,,,0.0,0.0,0.0,0.85625,0.6748437500000001,0.98125
gemma-2-9b-it,star,no_sense,no_sense,cheap_talk,pd,5,0.090625,0.0625,0.134375,0.1375,0.04968750000000002,0.2625,0.075,0.05833333333333333,0.09166666666666667,0.0625,-0.033333333333333326,0.17083333333333334,101.6,95.8,107.2,2.4291666666666663,2.0910416666666665,2.8791666666666664,0.888888888888889,0.7866666666666667,0.9555555555555555,0.0,0.0,0.0,0.0,0.0,0.0,0.0,0.0,0.0
gemma-2-9b-it,star,no_sense,no_sense,cheap_talk,sh,5,0.721875,0.471875,0.9,0.8625,0.6125,1.0,0.675,0.4208333333333334,0.8791666666666668,0.18749999999999997,0.054166666666666655,0.2875,211.2,156.2,255.4,4.9625,3.866666666666667,5.575104166666668,0.7377777777777779,0.6622222222222222,0.8400000000000001,,,,0.0,0.0,0.0,0.3,0.075,0.6375
gemma-2-9b-it,star,silence,silence,cheap_talk,pd,5,0.3036210317460317,0.10049603174603175,0.653125,0.3,0.0875,0.65,0.3047872340425532,0.10478723404255319,0.6541666666666667,-0.00478723404255319,-0.025,0.01906028368794319,126.6,108.19500000000001,159.20999999999998,2.6166666666666663,2.1625,3.3166666666666664,0.9506060606060606,0.9145454545454547,0.9822222222222223,,,,0.003125,0.0,0.009375,0.25,0.0625,0.625
gemma-2-9b-it,star,silence,silence,cheap_talk,sh,5,0.99375,0.9875,1.0,1.0,1.0,1.0,0.9916666666666666,0.9833333333333332,1.0,0.008333333333333349,0.0,0.016666666666666698,286.0,284.0,288.0,5.9833333333333325,5.966666666666666,6.0,0.9911111111111112,0.9822222222222221,1.0,,,,0.0,0.0,0.0,0.975,0.95,1.0
